<?xml version="1.0" encoding="ASCII"?>
<EM:ExpertModule xmi:version="2.0" xmlns:xmi="http://www.omg.org/XMI" xmlns:xsi="http://www.w3.org/2001/XMLSchema-instance" xmlns:EM="http:///com.cerner.expert/expertmodule/1.0.0" moduleName="ORDER_BONEMINERAL_DUP">
  <information>
    <runtimeInformation versionString="001.038" externalFileName="ORDER_BONEMINERAL_DUP" lastUpdated="2017-09-18T09:56:17.000+1000" validtionType="PRODUCTION" title="ORDER_BONEMINERAL_DUP">
      <duration start="2017-09-08T00:00:00.000+1000" end="2100-12-31T00:00:00.000+1100"/>
      <updateUser userName="Adeli, Javad"/>
    </runtimeInformation>
    <documentation author="Javad Adeli" institution="SCHN" specialist="" purpose="Javad Adeli - 08/09/2017 &#xD;&#xA;A popup alert to warn clinicians that they are ordering a Bone Mineral Density order within 12 months of a previous order."/>
  </information>
  <expertTemplates>
    <events>
      <event name=""/>
      <event name="ADDPROBLEM"/>
      <event name="ADDTOSCRATCHPAD"/>
      <event name="ALLERGY_EVENT"/>
      <event name="AP_ORDER_EVENT"/>
      <event name="BB_RESULT_EVENT"/>
      <event name="CHART_SERVER_EVENT"/>
      <event name="CLINICALTRIALSCREEN"/>
      <event name="CLINICAL_EVENT"/>
      <event name="CLOSECHART"/>
      <event name="COLLECTION_EVENT"/>
      <event name="DCP_CN_TASK_UPD"/>
      <event name="DCP_MODTASK_EVENT"/>
      <event name="DCP_PW_COND"/>
      <event name="DCP_PW_OUTCOME_EVENT"/>
      <event name="DIAGNOSIS_EVENT"/>
      <event name="EKS_FORMAT"/>
      <event name="EKS_SYNC_TEST01"/>
      <event name="EKS_TEST_02"/>
      <event name="EKS_TEST_EVENT"/>
      <event name="EKS_TEST_EVENT01"/>
      <event name="ENSURE_EVENT"/>
      <event name="EXPERT_EVENT"/>
      <event name="HEALTHE_EVENT"/>
      <event name="HEALTH_MAINT_QUAL_EVENT"/>
      <event name="HIM_ADD_REQUEST"/>
      <event name="HIM_ADMIT_EVENT"/>
      <event name="HIM_PATIENT_INFO_REQUEST"/>
      <event name="HIM_TEST_EVENT"/>
      <event name="HL7_EVENT"/>
      <event name="MB_EXPEDITE"/>
      <event name="MB_RESULT_EVENT"/>
      <event name="MB_SCRIPTED_WORKUPS"/>
      <event name="MB_SUSCEPTIBILITY"/>
      <event name="MDI_RESULT_EVENT"/>
      <event name="MEDCHARTACTIVATE"/>
      <event name="MPI_ADT"/>
      <event name="OPENCHART"/>
      <event name="ORDER_EVENT"/>
      <event name="ORDER_PRO_TEST1"/>
      <event name="PATIENT_EVENT"/>
      <event name="PCA_EXPERT_EVENT"/>
      <event name="Person_Transaction"/>
      <event name="PFT_Add_Account"/>
      <event name="PFT_ADJ_WO"/>
      <event name="pft_check_amount"/>
      <event name="PFT_VEHICLE"/>
      <event name="PNTFLEXREFRANGE"/>
      <event name="POWERPLANFLEX"/>
      <event name="PROBLEM_EVENT"/>
      <event name="PROFIT_1450_CLAIM_EVENT"/>
      <event name="PROFIT_1500_CLAIM_EVENT"/>
      <event name="PROVIDER_CHG_EVENT"/>
      <event name="PROVIDE_EVENT"/>
      <event name="PWRCHRT_ADD_ORDER"/>
      <event name="RESULT_EVENT"/>
      <event name="RESULT_EVENT_CSM"/>
      <event name="RESULT_EVENT_TEST"/>
      <event name="SCH_ACTION_EVENT"/>
      <event name="SIGNORDER"/>
      <event name="SN New Pref Card Created"/>
      <event name="SN_CASE_CHECK_IN_EVENT"/>
      <event name="SN_CASE_EVENT"/>
      <event name="SN_CASE_SCHEDULE_EVENT"/>
      <event name="SN_DOCUMENT_OPEN"/>
      <event name="SN_DOCUMENT_STATE"/>
      <event name="SN_FINALIZE_DOC_EVENT"/>
      <event name="SN_PROCEDURE_SCHEDULE"/>
      <event name="SN_SAVE_PROCEDURE"/>
      <event name="SN_TEST_EVENT"/>
      <event name="SOCIAL_HISTORY_ADD"/>
      <event name="SYNCHEVENT"/>
      <event name="TOUCHOPENCHART"/>
    </events>
    <evokeTemplates>
      <templateDefinitions xsi:type="EM:ExpertTemplate" name="EKS_ORDER_E" definition="the triggering request contains an order ORD_METHOD OPT_ORDERS whose ordering physician OPT_QUALIFIER in OPT_ORDDOC" description="Orderable, ordering physician" eventDependency="//@expertTemplates/@events/@event.1 //@expertTemplates/@events/@event.2 //@expertTemplates/@events/@event.9 //@expertTemplates/@events/@event.35 //@expertTemplates/@events/@event.37 //@expertTemplates/@events/@event.53 //@expertTemplates/@events/@event.59 //@expertTemplates/@events/@event.71 //@expertTemplates/@events/@event.72">
        <keywords>ORDER</keywords>
        <arguments xsi:type="EM:FixedListArgument" name="ORD_METHOD" dataType="CHARACTER" required="true">
          <stringTable>
            <column value="that was ordered as"/>
            <column value="Use only the order synonym for comparison"/>
          </stringTable>
          <stringTable>
            <column value="whose primary mnemonic is"/>
            <column value="Include all related synonms for this order"/>
          </stringTable>
          <stringTable>
            <column value="for any orderable"/>
            <column value="Include all orderable procedure"/>
          </stringTable>
          <stringTable>
            <column value="with drug class as"/>
            <column value="with drug class as"/>
          </stringTable>
        </arguments>
        <arguments xsi:type="EM:ReferentialArgument" name="OPT_ORDERS" dataType="CHARACTER" controlType="LISTBOX" validationType="READ_ONLY" dependency="ORD_METHOD" keyFieldIndex="2">
          <statements statement="execute eks_t_db_ref_help ConCat(&quot;HELPCATALOGTYPE^&quot;, PAR1) go" dependency="OPT_ORDERS"/>
          <statements statement="execute eks_t_db_ref_help ConCat(&quot;HELPORDALPHA^&quot;, PAR1) go" dependency="OPT_ORDERS"/>
          <statements statement="execute eks_t_db_ref_help ConCat(&quot;HELPORDERS^&quot;, PAR1) go" dependency="OPT_ORDERS"/>
        </arguments>
        <arguments xsi:type="EM:FixedListArgument" name="OPT_QUALIFIER" dataType="CHARACTER">
          <stringTable>
            <column value="is"/>
            <column value="is"/>
          </stringTable>
          <stringTable>
            <column value="is not"/>
            <column value="is not"/>
          </stringTable>
        </arguments>
        <arguments xsi:type="EM:ReferentialArgument" name="OPT_ORDDOC" dataType="CHARACTER" controlType="LISTBOX" validationType="READ_ONLY" keyFieldIndex="2">
          <statements statement="EKS_ABC_REFHELP &quot; &quot; go" dependency="OPT_ORDDOC"/>
          <statements statement="select &#xD;&#xA; if (par1 =&quot;OTHER&quot;)&#xD;&#xA; from prsnl pl where pl.name_full_formatted != &quot; &quot; and &#xD;&#xA;      pl.name_full_formatted not between &quot;0*&quot; and &quot;Z*&quot; and&#xD;&#xA;      pl.active_ind = 1 and  pl.physician_ind = 1&#xD;&#xA; elseif (par1=&quot;ALL&quot;)&#xD;&#xA;  from prsnl pl where pl.name_full_formatted != &quot; &quot;  and &#xD;&#xA;      pl.active_ind=1 and  pl.physician_ind = 1&#xD;&#xA; else&#xD;&#xA;  from prsnl pl where pl.physician_ind = 1 and pl.active_ind=1&#xD;&#xA;      and cnvtupper(pl.name_full_formatted)=patstring(concat(substring(1,1,par1),&quot;*&quot;))&#xD;&#xA; endif&#xD;&#xA;  pl.name_full_formatted,&#xD;&#xA;  _hidden=pl.person_id&#xD;&#xA; order name_full_formatted" dependency="OPT_ORDDOC"/>
        </arguments>
      </templateDefinitions>
      <templateDefinitions xsi:type="EM:ExpertTemplate" name="EKS_ORDER_DETAIL_E" definition="orders exist ORD_METHOD OPT_ORDERS where order detail ORDER_DETAIL QUALIFIER LIST1 and OPT_LIST2" description="Orderable, attributes" eventDependency="//@expertTemplates/@events/@event.2 //@expertTemplates/@events/@event.35 //@expertTemplates/@events/@event.59 //@expertTemplates/@events/@event.71">
        <keywords>ORDER</keywords>
        <arguments xsi:type="EM:FixedListArgument" name="ORD_METHOD" dataType="CHARACTER" required="true">
          <stringTable>
            <column value="that was ordered as"/>
            <column value="that was ordered as"/>
          </stringTable>
          <stringTable>
            <column value="whose primary mnemonic is"/>
            <column value="whose primary mnemonic is"/>
          </stringTable>
          <stringTable>
            <column value="for any orderable"/>
            <column value="for any orderable"/>
          </stringTable>
          <stringTable>
            <column value="with drug class as"/>
            <column value="with drug class as"/>
          </stringTable>
        </arguments>
        <arguments xsi:type="EM:ReferentialArgument" name="OPT_ORDERS" dataType="CHARACTER" controlType="LISTBOX" validationType="READ_ONLY" dependency="ORD_METHOD" keyFieldIndex="2">
          <statements statement="execute EKS_T_DB_REF_HELP ConCat(&quot;HELPCATALOGTYPE^&quot;, PAR1) go" dependency="OPT_ORDERS"/>
          <statements statement="execute EKS_T_DB_REF_HELP ConCat(&quot;HELPORDALPHA^&quot;, PAR1) go" dependency="OPT_ORDERS"/>
          <statements statement="execute EKS_T_DB_REF_HELP ConCat(&quot;HELPORDERS^&quot;, PAR1) go&#xD;&#xA;" dependency="OPT_ORDERS"/>
        </arguments>
        <arguments xsi:type="EM:ReferentialArgument" name="ORDER_DETAIL" dataType="CHARACTER" controlType="REFERENTIAL" validationType="READ_ONLY" required="true" keyFieldIndex="2">
          <statements statement="execute EKS_T_DB_REF_HELP &quot;HELPDETAILSSELDB_PROVIDE^USEREQUEST&quot; go" dependency="ORDER_DETAIL"/>
          <statements statement="execute EKS_T_DB_REF_HELP ConCat(&quot;HELPDETAILS_PROVIDE^1^&quot;, PAR1) go" dependency="ORDER_DETAIL"/>
        </arguments>
        <arguments xsi:type="EM:ReferentialArgument" name="QUALIFIER" dataType="CHARACTER" controlType="REFERENTIAL" validationType="READ_ONLY" required="true" dependency="ORDER_DETAIL" keyFieldIndex="2">
          <statements statement="execute EKS_T_DB_REF_HELP ConCat(&quot;HELPQUALIFIERS_PROVIDE^&quot;, PAR1)  go" dependency="QUALIFIER"/>
        </arguments>
        <arguments xsi:type="EM:ReferentialArgument" name="LIST1" dataType="CHARACTER" controlType="LISTBOX" validationType="READ_ONLY" dependency="ORDER_DETAIL" keyFieldIndex="2">
          <statements statement="execute EKS_T_DB_REF_HELP ConCat(&quot;HELPORDDETLIST1^&quot;, PAR1) go" dependency="LIST1"/>
          <statements statement="execute EKS_T_DB_REF_HELP ConCat(&quot;HELPORDDETLIST3^&quot;, PAR1) go" dependency="LIST1"/>
        </arguments>
        <arguments xsi:type="EM:ReferentialArgument" name="OPT_LIST2" dataType="CHARACTER" controlType="LISTBOX" validationType="READ_ONLY" dependency="ORDER_DETAIL" keyFieldIndex="2">
          <statements statement="execute EKS_T_DB_REF_HELP ConCat(&quot;HELPORDDETLIST1^&quot;, PAR1) go" dependency="OPT_LIST2"/>
          <statements statement="execute EKS_T_DB_REF_HELP ConCat(&quot;HELPORDDETLIST3^&quot;, PAR1) go" dependency="OPT_LIST2"/>
        </arguments>
      </templateDefinitions>
      <templateDefinitions xsi:type="EM:ExpertTemplate" name="EKS_DEBUGEKM_E" definition="Turn debug messaging DEBUG_STATUS" description="Turn debug messaging on or off" eventDependency="//@expertTemplates/@events/@event.1 //@expertTemplates/@events/@event.2 //@expertTemplates/@events/@event.3 //@expertTemplates/@events/@event.4 //@expertTemplates/@events/@event.5 //@expertTemplates/@events/@event.7 //@expertTemplates/@events/@event.8 //@expertTemplates/@events/@event.9 //@expertTemplates/@events/@event.10 //@expertTemplates/@events/@event.12 //@expertTemplates/@events/@event.15 //@expertTemplates/@events/@event.22 //@expertTemplates/@events/@event.25 //@expertTemplates/@events/@event.26 //@expertTemplates/@events/@event.27 //@expertTemplates/@events/@event.30 //@expertTemplates/@events/@event.31 //@expertTemplates/@events/@event.32 //@expertTemplates/@events/@event.33 //@expertTemplates/@events/@event.35 //@expertTemplates/@events/@event.37 //@expertTemplates/@events/@event.38 //@expertTemplates/@events/@event.40 //@expertTemplates/@events/@event.41 //@expertTemplates/@events/@event.44 //@expertTemplates/@events/@event.43 //@expertTemplates/@events/@event.46 //@expertTemplates/@events/@event.47 //@expertTemplates/@events/@event.48 //@expertTemplates/@events/@event.49 //@expertTemplates/@events/@event.53 //@expertTemplates/@events/@event.55 //@expertTemplates/@events/@event.56 //@expertTemplates/@events/@event.59 //@expertTemplates/@events/@event.60 //@expertTemplates/@events/@event.61 //@expertTemplates/@events/@event.62 //@expertTemplates/@events/@event.63 //@expertTemplates/@events/@event.64 //@expertTemplates/@events/@event.65 //@expertTemplates/@events/@event.66 //@expertTemplates/@events/@event.67 //@expertTemplates/@events/@event.68 //@expertTemplates/@events/@event.70 //@expertTemplates/@events/@event.71 //@expertTemplates/@events/@event.72 //@expertTemplates/@events/@event.45">
        <keywords>UTILITY</keywords>
        <arguments xsi:type="EM:ReferentialArgument" name="DEBUG_STATUS" dataType="CHARACTER" controlType="REFERENTIAL" validationType="READ_ONLY" required="true" keyFieldIndex="2">
          <statements statement="select debug_status = if (d.seq =  1) &quot;On for subsequent Evoke Templates&quot;&#xD;&#xA; elseif (d.seq = 2) &quot;Off for subsequent Evoke Templates&quot;&#xD;&#xA; elseif (d.seq = 3) &quot;On for all Logic Templates&quot;&#xD;&#xA; elseif (d.seq = 4) &quot;On for all Action Templates&quot;&#xD;&#xA; elseif (d.seq = 5) &quot;On for all Logic and Action Templates&quot;&#xD;&#xA; elseif (d.seq = 6) &quot;To FullAudit for this module only&quot;&#xD;&#xA;ENDIF,&#xD;&#xA;_hidden = if (d.seq = 1) 1&#xD;&#xA; elseif (d.seq=2) 0&#xD;&#xA; elseif (d.seq=3) 2&#xD;&#xA; elseif (d.seq=4) 3&#xD;&#xA; elseif (d.seq=5) 4&#xD;&#xA; elseif (d.seq=6) 5&#xD;&#xA;endif&#xD;&#xA;&#xD;&#xA;FROM (DUMMYT D WITH SEQ = VALUE(6))" dependency="DEBUG_STATUS"/>
        </arguments>
      </templateDefinitions>
    </evokeTemplates>
    <logicTemplates>
      <templateDefinitions xsi:type="EM:ExpertTemplate" name="EKS_ORDER_INCOMING_L" definition="the triggering request contains an order ORD_METHOD OPT_ORDERS whose ordering physician OPT_QUALIFIER in OPT_ORDDOC and OPT_ORDER_DETAIL OPT_DETAIL_QUALIFIER OPT_LIST" description="Incoming orderable, attributes" eventDependency="//@expertTemplates/@events/@event.1 //@expertTemplates/@events/@event.2 //@expertTemplates/@events/@event.9 //@expertTemplates/@events/@event.35 //@expertTemplates/@events/@event.37 //@expertTemplates/@events/@event.53 //@expertTemplates/@events/@event.59 //@expertTemplates/@events/@event.71 //@expertTemplates/@events/@event.72">
        <keywords>ORDER</keywords>
        <arguments xsi:type="EM:FixedListArgument" name="ORD_METHOD" dataType="CHARACTER" required="true">
          <stringTable>
            <column value="that was ordered as"/>
            <column value="Use only the order synonym for comparison"/>
          </stringTable>
          <stringTable>
            <column value="whose primary mnemonic is"/>
            <column value="Include all related synonms for this order"/>
          </stringTable>
          <stringTable>
            <column value="for any orderable"/>
            <column value="Include all orderable procedure"/>
          </stringTable>
          <stringTable>
            <column value="with drug class as"/>
            <column value="with drug class as"/>
          </stringTable>
        </arguments>
        <arguments xsi:type="EM:ReferentialArgument" name="OPT_ORDERS" dataType="CHARACTER" controlType="LISTBOX" validationType="READ_ONLY" dependency="ORD_METHOD" keyFieldIndex="2">
          <statements statement="execute eks_t_db_ref_help ConCat(&quot;HELPCATALOGTYPE^&quot;, PAR1) go&#xD;&#xA;" dependency="OPT_ORDERS"/>
          <statements statement="execute eks_t_db_ref_help ConCat(&quot;HELPORDALPHA^&quot;, PAR1) go&#xD;&#xA;" dependency="OPT_ORDERS"/>
          <statements statement="execute eks_t_db_ref_help ConCat(&quot;HELPORDERS^&quot;, PAR1) go" dependency="OPT_ORDERS"/>
        </arguments>
        <arguments xsi:type="EM:FixedListArgument" name="OPT_QUALIFIER" dataType="CHARACTER">
          <stringTable>
            <column value="is"/>
            <column value="is"/>
          </stringTable>
          <stringTable>
            <column value="is not"/>
            <column value="is not"/>
          </stringTable>
        </arguments>
        <arguments xsi:type="EM:ReferentialArgument" name="OPT_ORDDOC" dataType="CHARACTER" controlType="LISTBOX" validationType="READ_ONLY" keyFieldIndex="2">
          <statements statement="EKS_ABC_REFHELP &quot; &quot; go" dependency="OPT_ORDDOC"/>
          <statements statement="select &#xD;&#xA; if (par1 =&quot;OTHER&quot;)&#xD;&#xA; from prsnl pl where pl.name_full_formatted != &quot; &quot; and &#xD;&#xA;      pl.name_full_formatted not between &quot;0*&quot; and &quot;Z*&quot; and&#xD;&#xA;      pl.active_ind = 1 and  pl.physician_ind = 1&#xD;&#xA; elseif (par1=&quot;ALL&quot;)&#xD;&#xA;  from prsnl pl where pl.name_full_formatted != &quot; &quot;  and &#xD;&#xA;      pl.active_ind=1 and  pl.physician_ind = 1&#xD;&#xA; else&#xD;&#xA;  from prsnl pl where pl.physician_ind = 1 and pl.active_ind=1&#xD;&#xA;      and cnvtupper(pl.name_full_formatted)=patstring(concat(substring(1,1,par1),&quot;*&quot;))&#xD;&#xA; endif&#xD;&#xA;  pl.name_full_formatted,&#xD;&#xA;  _hidden=pl.person_id&#xD;&#xA; order name_full_formatted" dependency="OPT_ORDDOC"/>
        </arguments>
        <arguments xsi:type="EM:ReferentialArgument" name="OPT_ORDER_DETAIL" dataType="CHARACTER" controlType="REFERENTIAL" validationType="READ_ONLY">
          <defaultValue xsi:type="EM:StringValue" value="FUTURE USE"/>
          <statements statement="" dependency="OPT_ORDER_DETAIL"/>
        </arguments>
        <arguments xsi:type="EM:FixedListArgument" name="OPT_DETAIL_QUALIFIER" dataType="CHARACTER">
          <defaultValue xsi:type="EM:StringValue" value="FUTURE USE"/>
        </arguments>
        <arguments xsi:type="EM:ReferentialArgument" name="OPT_LIST" dataType="CHARACTER" controlType="LISTBOX" validationType="READ_ONLY" dependency="OPT_ORDER_DETAIL" keyFieldIndex="2">
          <statements statement="execute eks_t_db_ref_help ConCat(&quot;HELPCATALOGTYPE^&quot;, PAR1) go" dependency="OPT_LIST"/>
        </arguments>
      </templateDefinitions>
      <templateDefinitions xsi:type="EM:ExpertTemplate" name="EKS_ORDERS_FIND_L" definition="orders exist ORD_METHOD OPT_ORDERS with order status of OPT_ORDER_STATUS on OPT_SCOPE OPT_LINK whose date criteria is OPT_QUAL OPT_TIME_NUM OPT_TIME_UNIT from the anchor OPT_ANCHOR_DT_TM." description="Orderable, status, attributes" recommeded="CAUTION" eventDependency="//@expertTemplates/@events/@event.1 //@expertTemplates/@events/@event.2 //@expertTemplates/@events/@event.3 //@expertTemplates/@events/@event.4 //@expertTemplates/@events/@event.5 //@expertTemplates/@events/@event.7 //@expertTemplates/@events/@event.8 //@expertTemplates/@events/@event.9 //@expertTemplates/@events/@event.10 //@expertTemplates/@events/@event.12 //@expertTemplates/@events/@event.15 //@expertTemplates/@events/@event.22 //@expertTemplates/@events/@event.35 //@expertTemplates/@events/@event.37 //@expertTemplates/@events/@event.38 //@expertTemplates/@events/@event.40 //@expertTemplates/@events/@event.41 //@expertTemplates/@events/@event.47 //@expertTemplates/@events/@event.48 //@expertTemplates/@events/@event.49 //@expertTemplates/@events/@event.53 //@expertTemplates/@events/@event.55 //@expertTemplates/@events/@event.59 //@expertTemplates/@events/@event.70 //@expertTemplates/@events/@event.71 //@expertTemplates/@events/@event.72">
        <keywords>ORDER</keywords>
        <arguments xsi:type="EM:FixedListArgument" name="ORD_METHOD" dataType="CHARACTER" validationType="READ_ONLY" required="true">
          <stringTable>
            <column value="that was ordered as"/>
            <column value="Use only the order synonym for comparison"/>
          </stringTable>
          <stringTable>
            <column value="whose primary mnemonic is"/>
            <column value="Include all related synonms for this order"/>
          </stringTable>
          <stringTable>
            <column value="for any orderable"/>
            <column value="Include all orderable procedure"/>
          </stringTable>
          <stringTable>
            <column value="with drug class as"/>
            <column value="with drug class as"/>
          </stringTable>
        </arguments>
        <arguments xsi:type="EM:ReferentialArgument" name="OPT_ORDERS" dataType="CHARACTER" controlType="LISTBOX" validationType="READ_ONLY" dependency="ORD_METHOD" keyFieldIndex="2">
          <statements statement="execute eks_t_db_ref_help ConCat(&quot;HELPCATALOGTYPE^&quot;, PAR1) go&#xD;&#xA;" dependency="OPT_ORDERS"/>
          <statements statement="execute eks_t_db_ref_help ConCat(&quot;HELPORDALPHA^&quot;, PAR1) go&#xD;&#xA;" dependency="OPT_ORDERS"/>
          <statements statement="execute eks_t_db_ref_help ConCat(&quot;HELPORDERS^&quot;, PAR1) go" dependency="OPT_ORDERS"/>
        </arguments>
        <arguments xsi:type="EM:ReferentialArgument" name="OPT_ORDER_STATUS" dataType="CHARACTER" controlType="LISTBOX" validationType="READ_ONLY" keyFieldIndex="2">
          <statements statement="eks_codeset_cki_refhelp &quot;6004&quot;,&quot;CKI&quot;,&quot;*ANY_STATUS&quot; go" dependency="OPT_ORDER_STATUS"/>
        </arguments>
        <arguments xsi:type="EM:FixedListArgument" name="OPT_SCOPE" dataType="CHARACTER">
          <stringTable>
            <column value="the same accession as "/>
            <column value="link to other template by the same accession_id"/>
          </stringTable>
          <stringTable>
            <column value="the same encounter as "/>
            <column value="link to other template by the same encounter_id"/>
          </stringTable>
        </arguments>
        <arguments name="OPT_LINK" dataType="LINK" controlType="TEMPLATE_REFERENCE"/>
        <arguments xsi:type="EM:FixedListArgument" name="OPT_QUAL" dataType="CHARACTER">
          <stringTable>
            <column value="greater than"/>
            <column value="greater than"/>
          </stringTable>
          <stringTable>
            <column value="less than"/>
            <column value="less than"/>
          </stringTable>
          <stringTable>
            <column value="within"/>
            <column value="within"/>
          </stringTable>
          <stringTable>
            <column value="outside"/>
            <column value="outside"/>
          </stringTable>
        </arguments>
        <arguments name="OPT_TIME_NUM" dataType="CHARACTER"/>
        <arguments xsi:type="EM:FixedListArgument" name="OPT_TIME_UNIT" dataType="CHARACTER">
          <stringTable>
            <column value="minutes"/>
            <column value="minutes"/>
          </stringTable>
          <stringTable>
            <column value="hours"/>
            <column value="hours"/>
          </stringTable>
          <stringTable>
            <column value="days"/>
            <column value="days"/>
          </stringTable>
        </arguments>
        <arguments xsi:type="EM:FixedListArgument" name="OPT_ANCHOR_DT_TM" dataType="CHARACTER">
          <stringTable>
            <column value="collection date &amp; time"/>
            <column value="collection date &amp; time"/>
          </stringTable>
          <stringTable>
            <column value="current start date &amp; time"/>
            <column value="current start date &amp; time"/>
          </stringTable>
          <stringTable>
            <column value="original order date &amp; time"/>
            <column value="original order date &amp; time"/>
          </stringTable>
          <stringTable>
            <column value="projected stop date &amp; time"/>
            <column value="projected stop date &amp; time"/>
          </stringTable>
        </arguments>
      </templateDefinitions>
      <templateDefinitions xsi:type="EM:ExpertTemplate" name="EKS_CALC_SAVE_L" definition="EXPRESSION" description="Create a value to be used by subsequent templates" eventDependency="//@expertTemplates/@events/@event.1 //@expertTemplates/@events/@event.2 //@expertTemplates/@events/@event.3 //@expertTemplates/@events/@event.5 //@expertTemplates/@events/@event.7 //@expertTemplates/@events/@event.8 //@expertTemplates/@events/@event.9 //@expertTemplates/@events/@event.10 //@expertTemplates/@events/@event.12 //@expertTemplates/@events/@event.15 //@expertTemplates/@events/@event.22 //@expertTemplates/@events/@event.35 //@expertTemplates/@events/@event.37 //@expertTemplates/@events/@event.38 //@expertTemplates/@events/@event.40 //@expertTemplates/@events/@event.41 //@expertTemplates/@events/@event.47 //@expertTemplates/@events/@event.48 //@expertTemplates/@events/@event.49 //@expertTemplates/@events/@event.53 //@expertTemplates/@events/@event.55 //@expertTemplates/@events/@event.56 //@expertTemplates/@events/@event.59 //@expertTemplates/@events/@event.70 //@expertTemplates/@events/@event.71 //@expertTemplates/@events/@event.72">
        <keywords>UTILITY</keywords>
        <arguments name="EXPRESSION" dataType="CHARACTER" controlType="TEXT_MULTI_LINE" required="true"/>
      </templateDefinitions>
      <templateDefinitions xsi:type="EM:ExpertTemplate" name="EKS_EVAL_L" definition="EXPRESSION" description="Freetext CCL evaluation" eventDependency="//@expertTemplates/@events/@event.1 //@expertTemplates/@events/@event.2 //@expertTemplates/@events/@event.3 //@expertTemplates/@events/@event.5 //@expertTemplates/@events/@event.7 //@expertTemplates/@events/@event.8 //@expertTemplates/@events/@event.9 //@expertTemplates/@events/@event.10 //@expertTemplates/@events/@event.12 //@expertTemplates/@events/@event.15 //@expertTemplates/@events/@event.22 //@expertTemplates/@events/@event.23 //@expertTemplates/@events/@event.35 //@expertTemplates/@events/@event.37 //@expertTemplates/@events/@event.38 //@expertTemplates/@events/@event.40 //@expertTemplates/@events/@event.41 //@expertTemplates/@events/@event.47 //@expertTemplates/@events/@event.48 //@expertTemplates/@events/@event.49 //@expertTemplates/@events/@event.53 //@expertTemplates/@events/@event.55 //@expertTemplates/@events/@event.56 //@expertTemplates/@events/@event.59 //@expertTemplates/@events/@event.70 //@expertTemplates/@events/@event.71 //@expertTemplates/@events/@event.72">
        <keywords>UTILITY</keywords>
        <arguments name="EXPRESSION" dataType="CHARACTER" controlType="TEXT_MULTI_LINE" required="true"/>
      </templateDefinitions>
    </logicTemplates>
    <actionTemplates>
      <templateDefinitions xsi:type="EM:ExpertTemplate" name="EKS_ALERT_FLEX_A" definition="Send alert OPT_TITLE stating TXT, OPT_CANCEL_LABEL, OPT_IGNORE_LABEL, OPT_OVERRIDE_REASON, OPT_MODIFY_LABEL, OPT_DEFAULT_LABEL, OPT_ORDERS, OPT_DEFAULT_FIRST_ORDER, OPT_URL_BUTTON_NAME, OPT_URL_ADDRESS, OK_BUTTON_NAME, OPT_FORM, OPT_FORM_BUTTON_NAME, OPT_FORCE_FORM, OPT_LINK" description="Interactive with additional orderable option" eventDependency="//@expertTemplates/@events/@event.1 //@expertTemplates/@events/@event.2 //@expertTemplates/@events/@event.7 //@expertTemplates/@events/@event.9 //@expertTemplates/@events/@event.35 //@expertTemplates/@events/@event.37 //@expertTemplates/@events/@event.59 //@expertTemplates/@events/@event.71 //@expertTemplates/@events/@event.72">
        <keywords>ALERT</keywords>
        <arguments name="OPT_TITLE" dataType="CHARACTER" validationType="MAX_LENGTH"/>
        <arguments name="TXT" dataType="CHARACTER" controlType="TEXT_MULTI_LINE" validationType="MAX_LENGTH" required="true"/>
        <arguments name="OPT_CANCEL_LABEL" dataType="CHARACTER"/>
        <arguments name="OPT_IGNORE_LABEL" dataType="CHARACTER"/>
        <arguments xsi:type="EM:ReferentialArgument" name="OPT_OVERRIDE_REASON" dataType="CHARACTER" controlType="LISTBOX" validationType="READ_ONLY" keyFieldIndex="2">
          <statements statement="eks_codeset_cki_refhelp &quot;800&quot;,&quot;CKI&quot;,&quot;*ALL,*NONE&quot; go" dependency="OPT_OVERRIDE_REASON"/>
        </arguments>
        <arguments name="OPT_MODIFY_LABEL" dataType="CHARACTER"/>
        <arguments xsi:type="EM:FixedListArgument" name="OPT_DEFAULT_LABEL" dataType="CHARACTER">
          <defaultValue xsi:type="EM:StringValue" value="NONE"/>
          <stringTable>
            <column value="@quot;OPT_CANCEL_LABEL@quot;"/>
            <column value="cancel previous order"/>
          </stringTable>
          <stringTable>
            <column value="@quot;OPT_IGNORE_LABEL@quot;"/>
            <column value="ignore the orderable"/>
          </stringTable>
          <stringTable>
            <column value="@quot;OPT_MODIFY_LABEL@quot;"/>
            <column value="modify the orderable"/>
          </stringTable>
          <stringTable>
            <column value="NONE"/>
            <column value="no default value for labels"/>
          </stringTable>
        </arguments>
        <arguments xsi:type="EM:ReferentialArgument" name="OPT_ORDERS" dataType="CHARACTER" controlType="LISTBOX" validationType="READ_ONLY" keyFieldIndex="2">
          <statements statement="execute EKS_T_FLEX_ORDER_REFHELP &quot;CATALOGTYPE^&quot; go" dependency="OPT_ORDERS"/>
          <statements statement="execute EKS_T_FLEX_ORDER_REFHELP concat(&quot;ALPHA^&quot;, PAR1) go" dependency="OPT_ORDERS"/>
          <statements statement="execute EKS_T_FLEX_ORDER_REFHELP concat(&quot;ORDERS^&quot;, PAR1) go" dependency="OPT_ORDERS"/>
          <statements statement="execute EKS_T_FLEX_ORDER_REFHELP concat(&quot;SENTENCE^&quot;, PAR1) go" dependency="OPT_ORDERS"/>
        </arguments>
        <arguments xsi:type="EM:FixedListArgument" name="OPT_DEFAULT_FIRST_ORDER" dataType="CHARACTER">
          <defaultValue xsi:type="EM:StringValue" value="DISABLED"/>
          <stringTable>
            <column value="ENABLED"/>
            <column value="enable the 1st orderable"/>
          </stringTable>
          <stringTable>
            <column value="DISABLED"/>
            <column value="no default orderable"/>
          </stringTable>
        </arguments>
        <arguments name="OPT_URL_BUTTON_NAME" dataType="CHARACTER"/>
        <arguments name="OPT_URL_ADDRESS" dataType="CHARACTER"/>
        <arguments name="OK_BUTTON_NAME" dataType="CHARACTER" required="true">
          <defaultValue xsi:type="EM:StringValue" value="OK"/>
        </arguments>
        <arguments xsi:type="EM:ReferentialArgument" name="OPT_FORM" dataType="CHARACTER" controlType="REFERENTIAL" validationType="READ_ONLY" keyFieldIndex="2">
          <statements statement="select distinct&#xD;&#xA;  Form_Definition = if (t.seq = 1) &#xD;&#xA;        dfr.definition&#xD;&#xA;     else &#xD;&#xA;        &quot;*NONE&quot;&#xD;&#xA;     endif,&#xD;&#xA;  _hidden  = if (t.seq = 1) &#xD;&#xA;      dfr.dcp_forms_ref_id&#xD;&#xA;     else&#xD;&#xA;         0.0&#xD;&#xA;     endif,&#xD;&#xA;    Description = if (t.seq = 1) &#xD;&#xA;         dfr.description&#xD;&#xA;     else&#xD;&#xA;         &quot;NONE&quot;&#xD;&#xA;     endif&#xD;&#xA;from dcp_forms_ref dfr, (dummyt t with seq=2)&#xD;&#xA;plan dfr where dfr.active_ind = 1&#xD;&#xA;join t&#xD;&#xA;order Form_Definition" dependency="OPT_FORM"/>
        </arguments>
        <arguments name="OPT_FORM_BUTTON_NAME" dataType="CHARACTER"/>
        <arguments xsi:type="EM:FixedListArgument" name="OPT_FORCE_FORM" dataType="CHARACTER">
          <defaultValue xsi:type="EM:StringValue" value="ENABLED"/>
          <stringTable>
            <column value="ENABLED"/>
            <column value="PowerForm must be opened"/>
          </stringTable>
          <stringTable>
            <column value="DISABLED"/>
            <column value="PowerForm optional"/>
          </stringTable>
          <stringTable>
            <column value="FORCE SIGN"/>
            <column value="PowerForm must be signed"/>
          </stringTable>
          <stringTable>
            <column value="ENABLED AND DISMISS"/>
            <column value="PowerPorm must be opened, dismiss Alert"/>
          </stringTable>
          <stringTable>
            <column value="DISABLED AND DISMISS"/>
            <column value="PowerForm optional, dismiss Alert"/>
          </stringTable>
          <stringTable>
            <column value="FORCE SIGN AND DISMISS"/>
            <column value="PowerForm must be signed, dismiss Alert"/>
          </stringTable>
        </arguments>
        <arguments name="OPT_LINK" dataType="LINK" controlType="TEMPLATE_REFERENCE"/>
      </templateDefinitions>
    </actionTemplates>
  </expertTemplates>
  <ruleDefinition>
    <evokeSection>
      <evokes evokeEvent="//@expertTemplates/@events/@event.59">
        <logicExpression xsi:type="EM:InfixExpression">
          <leftExpression xsi:type="EM:Antecedent" id="E1" template="EKS_ORDER_E">
            <facts argument="ORD_METHOD">
              <value xsi:type="EM:StringValue" value="whose primary mnemonic is"/>
            </facts>
            <facts argument="OPT_ORDERS">
              <value xsi:type="EM:ListValue">
                <values xsi:type="EM:ListValue">
                  <values xsi:type="EM:CustomValue" hideDisplay="true">
                    <customValue xsi:type="EM:StringValue" value="5079041.0"/>
                  </values>
                  <values xsi:type="EM:StringValue" value="Bone Mineral Densitometry"/>
                  <values xsi:type="EM:ListValue">
                    <values xsi:type="EM:CustomValue" hideDisplay="true">
                      <customValue xsi:type="EM:StringValue" value="5005557.0|whose primary mnemonic is"/>
                    </values>
                    <values xsi:type="EM:CustomValue" hideDisplay="true">
                      <customValue xsi:type="EM:StringValue" value="B|5005557.0|whose primary mnemonic is"/>
                    </values>
                  </values>
                </values>
              </value>
            </facts>
            <facts argument="OPT_QUALIFIER">
              <value xsi:type="EM:StringValue"/>
            </facts>
            <facts argument="OPT_ORDDOC">
              <value xsi:type="EM:StringValue"/>
            </facts>
          </leftExpression>
          <rightExpression xsi:type="EM:InfixExpression">
            <leftExpression xsi:type="EM:Antecedent" id="E2" template="EKS_ORDER_DETAIL_E">
              <facts argument="ORD_METHOD">
                <value xsi:type="EM:StringValue" value="whose primary mnemonic is"/>
              </facts>
              <facts argument="OPT_ORDERS">
                <value xsi:type="EM:ListValue">
                  <values xsi:type="EM:ListValue">
                    <values xsi:type="EM:CustomValue" hideDisplay="true">
                      <customValue xsi:type="EM:StringValue" value="5079041.0"/>
                    </values>
                    <values xsi:type="EM:StringValue" value="Bone Mineral Densitometry"/>
                    <values xsi:type="EM:ListValue">
                      <values xsi:type="EM:CustomValue" hideDisplay="true">
                        <customValue xsi:type="EM:StringValue" value="5005557.0|whose primary mnemonic is"/>
                      </values>
                      <values xsi:type="EM:CustomValue" hideDisplay="true">
                        <customValue xsi:type="EM:StringValue" value="B|5005557.0|whose primary mnemonic is"/>
                      </values>
                    </values>
                  </values>
                </value>
              </facts>
              <facts argument="ORDER_DETAIL">
                <value xsi:type="EM:ListValue">
                  <values xsi:type="EM:ListValue">
                    <values xsi:type="EM:CustomValue" hideDisplay="true">
                      <customValue xsi:type="EM:StringValue" value="X|6173.0|1|9|0|REQSTARTDTTM|Q"/>
                    </values>
                    <values xsi:type="EM:StringValue" value="Requested Start Date/Time,"/>
                  </values>
                </value>
              </facts>
              <facts argument="QUALIFIER">
                <value xsi:type="EM:ListValue">
                  <values xsi:type="EM:ListValue">
                    <values xsi:type="EM:CustomValue" hideDisplay="true">
                      <customValue xsi:type="EM:StringValue" value=">"/>
                    </values>
                    <values xsi:type="EM:StringValue" value="is greater than"/>
                  </values>
                </value>
              </facts>
              <facts argument="LIST1">
                <value xsi:type="EM:ListValue">
                  <values xsi:type="EM:ListValue">
                    <values xsi:type="EM:CustomValue" hideDisplay="true">
                      <customValue xsi:type="EM:StringValue" value=" "/>
                    </values>
                    <values xsi:type="EM:StringValue" value="TODAY-365"/>
                    <values xsi:type="EM:ListValue">
                      <values xsi:type="EM:CustomValue" hideDisplay="true">
                        <customValue xsi:type="EM:StringValue" value="X|6173.0|1|9|0|REQSTARTDTTM|Q"/>
                      </values>
                    </values>
                  </values>
                </value>
              </facts>
              <facts argument="OPT_LIST2">
                <value xsi:type="EM:StringValue"/>
              </facts>
            </leftExpression>
            <rightExpression xsi:type="EM:Antecedent" id="E3" template="EKS_DEBUGEKM_E">
              <facts argument="DEBUG_STATUS">
                <value xsi:type="EM:ListValue">
                  <values xsi:type="EM:ListValue">
                    <values xsi:type="EM:CustomValue" hideDisplay="true">
                      <customValue xsi:type="EM:StringValue" value="5"/>
                    </values>
                    <values xsi:type="EM:StringValue" value="To FullAudit for this module only"/>
                  </values>
                </value>
              </facts>
            </rightExpression>
          </rightExpression>
        </logicExpression>
      </evokes>
    </evokeSection>
    <logicSection>
      <logicExpression xsi:type="EM:InfixExpression">
        <leftExpression xsi:type="EM:Antecedent" id="L1" template="EKS_ORDER_INCOMING_L">
          <facts argument="ORD_METHOD">
            <value xsi:type="EM:StringValue" value="whose primary mnemonic is"/>
          </facts>
          <facts argument="OPT_ORDERS">
            <value xsi:type="EM:ListValue">
              <values xsi:type="EM:ListValue">
                <values xsi:type="EM:CustomValue" hideDisplay="true">
                  <customValue xsi:type="EM:StringValue" value="5079041.0"/>
                </values>
                <values xsi:type="EM:StringValue" value="Bone Mineral Densitometry"/>
                <values xsi:type="EM:ListValue">
                  <values xsi:type="EM:CustomValue" hideDisplay="true">
                    <customValue xsi:type="EM:StringValue" value="5005557.0|whose primary mnemonic is"/>
                  </values>
                  <values xsi:type="EM:CustomValue" hideDisplay="true">
                    <customValue xsi:type="EM:StringValue" value="B|5005557.0|whose primary mnemonic is"/>
                  </values>
                </values>
              </values>
            </value>
          </facts>
          <facts argument="OPT_QUALIFIER">
            <value xsi:type="EM:StringValue"/>
          </facts>
          <facts argument="OPT_ORDDOC">
            <value xsi:type="EM:StringValue"/>
          </facts>
          <facts argument="OPT_ORDER_DETAIL">
            <value xsi:type="EM:StringValue" value="FUTURE USE"/>
          </facts>
          <facts argument="OPT_DETAIL_QUALIFIER">
            <value xsi:type="EM:StringValue" value="FUTURE USE"/>
          </facts>
          <facts argument="OPT_LIST">
            <value xsi:type="EM:StringValue"/>
          </facts>
        </leftExpression>
        <rightExpression xsi:type="EM:InfixExpression">
          <leftExpression xsi:type="EM:Antecedent" id="L2" template="EKS_ORDERS_FIND_L">
            <facts argument="ORD_METHOD">
              <value xsi:type="EM:StringValue" value="whose primary mnemonic is"/>
            </facts>
            <facts argument="OPT_ORDERS">
              <value xsi:type="EM:ListValue">
                <values xsi:type="EM:ListValue">
                  <values xsi:type="EM:CustomValue" hideDisplay="true">
                    <customValue xsi:type="EM:StringValue" value="5079041.0"/>
                  </values>
                  <values xsi:type="EM:StringValue" value="Bone Mineral Densitometry"/>
                  <values xsi:type="EM:ListValue">
                    <values xsi:type="EM:CustomValue" hideDisplay="true">
                      <customValue xsi:type="EM:StringValue" value="5005557.0|whose primary mnemonic is"/>
                    </values>
                    <values xsi:type="EM:CustomValue" hideDisplay="true">
                      <customValue xsi:type="EM:StringValue" value="B|5005557.0|whose primary mnemonic is"/>
                    </values>
                  </values>
                </values>
              </value>
            </facts>
            <facts argument="OPT_ORDER_STATUS">
              <value xsi:type="EM:ListValue">
                <values xsi:type="EM:ListValue">
                  <values xsi:type="EM:CustomValue" hideDisplay="true">
                    <customValue xsi:type="EM:StringValue" value="CDF6004:COMPLETED"/>
                  </values>
                  <values xsi:type="EM:StringValue" value="Completed"/>
                </values>
                <values xsi:type="EM:ListValue">
                  <values xsi:type="EM:CustomValue" hideDisplay="true">
                    <customValue xsi:type="EM:StringValue" value="CDF6004:ORDERED"/>
                  </values>
                  <values xsi:type="EM:StringValue" value="Ordered"/>
                </values>
                <values xsi:type="EM:ListValue">
                  <values xsi:type="EM:CustomValue" hideDisplay="true">
                    <customValue xsi:type="EM:StringValue" value="CDF6004:FUTURE"/>
                  </values>
                  <values xsi:type="EM:StringValue" value="Future"/>
                </values>
              </value>
            </facts>
            <facts argument="OPT_SCOPE">
              <value xsi:type="EM:StringValue"/>
            </facts>
            <facts argument="OPT_LINK">
              <value xsi:type="EM:AntecedentReference"/>
            </facts>
            <facts argument="OPT_QUAL">
              <value xsi:type="EM:StringValue"/>
            </facts>
            <facts argument="OPT_TIME_NUM">
              <value xsi:type="EM:StringValue"/>
            </facts>
            <facts argument="OPT_TIME_UNIT">
              <value xsi:type="EM:StringValue"/>
            </facts>
            <facts argument="OPT_ANCHOR_DT_TM">
              <value xsi:type="EM:StringValue"/>
            </facts>
          </leftExpression>
          <rightExpression xsi:type="EM:InfixExpression">
            <leftExpression xsi:type="EM:Antecedent" id="L3" template="EKS_CALC_SAVE_L">
              <facts argument="EXPRESSION">
                <value xsi:type="EM:StringValue" value="select cnt = count(o.order_id)@NEWLINEfrom orders o, sch_event_attach s, sch_event se@NEWLINEplan o where o.person_id = trigger_personid@NEWLINEand o.catalog_cd = 5079041@NEWLINEand o.order_status_cd in (1084, 1088, 2687)@NEWLINEand o.current_start_dt_tm >@NEWLINEcnvtdatetime(&quot;@ORDERDETAIL:[Requested Start Date/Time]:1&quot;) -365@NEWLINEjoin s where s.order_id = o.order_id@NEWLINEjoin se where se.sch_event_id = s.sch_event_id@NEWLINEand se.sch_state_cd in (5126, 5127, 5128)@NEWLINEdetail log_misc1 =cnvtstring(cnt) go"/>
              </facts>
            </leftExpression>
            <rightExpression xsi:type="EM:Antecedent" id="L4" template="EKS_EVAL_L">
              <facts argument="EXPRESSION">
                <value xsi:type="EM:StringValue" value="@MISC:3 > 0"/>
              </facts>
            </rightExpression>
          </rightExpression>
        </rightExpression>
      </logicExpression>
    </logicSection>
    <actionSection>
      <action xsi:type="EM:ActionExpression">
        <logicExpression xsi:type="EM:Antecedent" id="A1" template="EKS_ALERT_FLEX_A">
          <facts argument="OPT_TITLE">
            <value xsi:type="EM:StringValue" value="Premature follow-up?"/>
          </facts>
          <facts argument="TXT">
            <value xsi:type="EM:StringValue" value="It is recommended that BMD studies are performed more than 1 year apart.@NEWLINE@NEWLINE@PATIENT:1 has @MISC:3 existing BMD order/s scheduled within the year preceding this order&#x2019;s scheduled date (@ORDERDETAIL:[Requested Start Date/Time]:1).@NEWLINE@NEWLINEIf early follow-up is clinically indicated, please provide details in the &#x201c;Special Instructions:&#x201d; field."/>
          </facts>
          <facts argument="OPT_CANCEL_LABEL">
            <value xsi:type="EM:StringValue" value="Cancel Order"/>
          </facts>
          <facts argument="OPT_IGNORE_LABEL">
            <value xsi:type="EM:StringValue" value="Proceed with Order"/>
          </facts>
          <facts argument="OPT_OVERRIDE_REASON">
            <value xsi:type="EM:StringValue"/>
          </facts>
          <facts argument="OPT_MODIFY_LABEL">
            <value xsi:type="EM:StringValue" value="Modify Order"/>
          </facts>
          <facts argument="OPT_DEFAULT_LABEL">
            <value xsi:type="EM:StringValue" value="NONE"/>
          </facts>
          <facts argument="OPT_ORDERS">
            <value xsi:type="EM:StringValue"/>
          </facts>
          <facts argument="OPT_DEFAULT_FIRST_ORDER">
            <value xsi:type="EM:StringValue" value="DISABLED"/>
          </facts>
          <facts argument="OPT_URL_BUTTON_NAME">
            <value xsi:type="EM:StringValue"/>
          </facts>
          <facts argument="OPT_URL_ADDRESS">
            <value xsi:type="EM:StringValue"/>
          </facts>
          <facts argument="OK_BUTTON_NAME">
            <value xsi:type="EM:StringValue" value="OK"/>
          </facts>
          <facts argument="OPT_FORM">
            <value xsi:type="EM:StringValue"/>
          </facts>
          <facts argument="OPT_FORM_BUTTON_NAME">
            <value xsi:type="EM:StringValue"/>
          </facts>
          <facts argument="OPT_FORCE_FORM">
            <value xsi:type="EM:StringValue" value="ENABLED"/>
          </facts>
          <facts argument="OPT_LINK">
            <value xsi:type="EM:AntecedentReference" antecedent="//@ruleDefinition/@logicSection/@logicExpression/@leftExpression"/>
          </facts>
        </logicExpression>
      </action>
    </actionSection>
  </ruleDefinition>
</EM:ExpertModule>
