<?xml version="1.0" encoding="ASCII"?>
<EM:ExpertModule xmi:version="2.0" xmlns:xmi="http://www.omg.org/XMI" xmlns:xsi="http://www.w3.org/2001/XMLSchema-instance" xmlns:EM="http:///com.cerner.expert/expertmodule/1.0.0" moduleName="ORDER_RESP_PATHOGENS_PCR">
  <information>
    <runtimeInformation versionString="001.009" externalFileName="ORDER_RESP_PATHOGENS_PCR" lastUpdated="2018-02-23T11:19:45.000+1100" validtionType="PRODUCTION" title="ORDER_PATHOGEN_PCR" reconcileFlag="1" reconcileDate="2018-02-23T11:19:45.000+1100">
      <duration start="2018-02-22T00:00:00.000+1100" end="2100-02-22T23:59:59.000+1100"/>
      <updateUser userName="Adeli, Javad"/>
    </runtimeInformation>
    <documentation author="25046414" institution="" specialist="" purpose="23/02/2018 - Javad Adeli&#xD;&#xA;If Clinician place a &quot;MP Upper Respiratory Pathogens PCR&quot; order with Specimen Type of Other, the rule will cancell this order and Place the new &quot;MP Lower Respiratory Pathogens PCR&quot; order with the same Accession number."/>
  </information>
  <expertTemplates>
    <events>
      <event name=""/>
      <event name="ADDPROBLEM"/>
      <event name="ADDTOSCRATCHPAD"/>
      <event name="ALLERGY_EVENT"/>
      <event name="AP_ORDER_EVENT"/>
      <event name="BB_RESULT_EVENT"/>
      <event name="CHART_SERVER_EVENT"/>
      <event name="CLINICALTRIALSCREEN"/>
      <event name="CLINICAL_EVENT"/>
      <event name="CLOSECHART"/>
      <event name="COLLECTION_EVENT"/>
      <event name="DCP_CN_TASK_UPD"/>
      <event name="DCP_MODTASK_EVENT"/>
      <event name="DCP_PW_COND"/>
      <event name="DCP_PW_OUTCOME_EVENT"/>
      <event name="DIAGNOSIS_EVENT"/>
      <event name="EKS_FORMAT"/>
      <event name="EKS_SYNC_TEST01"/>
      <event name="EKS_TEST_02"/>
      <event name="EKS_TEST_EVENT"/>
      <event name="EKS_TEST_EVENT01"/>
      <event name="ENSURE_EVENT"/>
      <event name="EXPERT_EVENT"/>
      <event name="HEALTHE_EVENT"/>
      <event name="HEALTH_MAINT_QUAL_EVENT"/>
      <event name="HIM_ADD_REQUEST"/>
      <event name="HIM_ADMIT_EVENT"/>
      <event name="HIM_PATIENT_INFO_REQUEST"/>
      <event name="HIM_TEST_EVENT"/>
      <event name="HL7_EVENT"/>
      <event name="MB_EXPEDITE"/>
      <event name="MB_RESULT_EVENT"/>
      <event name="MB_SCRIPTED_WORKUPS"/>
      <event name="MB_SUSCEPTIBILITY"/>
      <event name="MDI_RESULT_EVENT"/>
      <event name="MEDCHARTACTIVATE"/>
      <event name="MPI_ADT"/>
      <event name="OPENCHART"/>
      <event name="ORDER_EVENT"/>
      <event name="ORDER_PRO_TEST1"/>
      <event name="PATIENT_EVENT"/>
      <event name="PCA_EXPERT_EVENT"/>
      <event name="Person_Transaction"/>
      <event name="PFT_Add_Account"/>
      <event name="PFT_ADJ_WO"/>
      <event name="pft_check_amount"/>
      <event name="PFT_VEHICLE"/>
      <event name="PNTFLEXREFRANGE"/>
      <event name="POWERPLANFLEX"/>
      <event name="PROBLEM_EVENT"/>
      <event name="PROFIT_1450_CLAIM_EVENT"/>
      <event name="PROFIT_1500_CLAIM_EVENT"/>
      <event name="PROVIDER_CHG_EVENT"/>
      <event name="PROVIDE_EVENT"/>
      <event name="PWRCHRT_ADD_ORDER"/>
      <event name="RESULT_EVENT"/>
      <event name="RESULT_EVENT_CSM"/>
      <event name="RESULT_EVENT_TEST"/>
      <event name="SCH_ACTION_EVENT"/>
      <event name="SIGNORDER"/>
      <event name="SN New Pref Card Created"/>
      <event name="SN_CASE_CHECK_IN_EVENT"/>
      <event name="SN_CASE_EVENT"/>
      <event name="SN_CASE_SCHEDULE_EVENT"/>
      <event name="SN_DOCUMENT_OPEN"/>
      <event name="SN_DOCUMENT_STATE"/>
      <event name="SN_FINALIZE_DOC_EVENT"/>
      <event name="SN_PROCEDURE_SCHEDULE"/>
      <event name="SN_SAVE_PROCEDURE"/>
      <event name="SN_TEST_EVENT"/>
      <event name="SOCIAL_HISTORY_ADD"/>
      <event name="SYNCHEVENT"/>
      <event name="TOCFLEX"/>
      <event name="TOUCHOPENCHART"/>
    </events>
    <evokeTemplates>
      <templateDefinitions xsi:type="EM:ExpertTemplate" name="EKS_ORDER_LIST_E" definition="an order ORD_METHOD OPT_ORDERS with status of OPT_ORDER_STATUS and an optional order detail of OPT_ORDER_DETAIL that OPT_QUALIFIER OPT_LIST" description="Orderable, status, attributes" eventDependency="//@expertTemplates/@events/@event.38" optimizable="true" reconcilable="true">
        <keywords>ORDER</keywords>
        <arguments xsi:type="EM:ReferentialArgument" name="ORD_METHOD" dataType="CHARACTER" controlType="REFERENTIAL" validationType="READ_ONLY" required="true" reconcileScript="N/A">
          <statements dependency="ORD_METHOD" statement="execute eks_t_db_ref_help &quot;HELPNEWORDMETHOD^&quot; go"/>
        </arguments>
        <arguments xsi:type="EM:ReferentialArgument" name="OPT_ORDERS" dataType="CHARACTER" controlType="LISTBOX" validationType="READ_ONLY" dependency="ORD_METHOD" optimizable="true" reconcileScript="eks_p_ord_method_orders" keyFieldIndex="2">
          <statements dependency="OPT_ORDERS" statement="execute eks_t_db_ref_help ConCat(&quot;HELPCATALOGTYPE^&quot;, PAR1) go"/>
          <statements dependency="OPT_ORDERS" statement="execute eks_t_db_ref_help ConCat(&quot;HELPORDALPHA^&quot;, PAR1) go"/>
          <statements dependency="OPT_ORDERS" statement="execute eks_t_db_ref_help ConCat(&quot;HELPORDERS^&quot;, PAR1) go"/>
        </arguments>
        <arguments xsi:type="EM:ReferentialArgument" name="OPT_ORDER_STATUS" dataType="CHARACTER" controlType="LISTBOX" validationType="READ_ONLY" optimizable="true" reconcileScript="eks_p_codeset_cki_refhelp  &quot;6004&quot;,&quot;CDF&quot;,&quot;*ANY&quot;" keyFieldIndex="2">
          <statements dependency="OPT_ORDER_STATUS" statement="execute eks_t_db_ref_help &quot;HELPSTATUS&quot; go&#xD;&#xA;;eks_codeset_cki_refhelp &quot;6004&quot;,&quot;CDF&quot;,&quot;*ANY&quot; go"/>
        </arguments>
        <arguments xsi:type="EM:ReferentialArgument" name="OPT_ORDER_DETAIL" dataType="CHARACTER" controlType="REFERENTIAL" validationType="READ_ONLY" reconcileScript="eks_p_order_detail" keyFieldIndex="2">
          <statements dependency="OPT_ORDER_DETAIL" statement="execute eks_t_db_ref_help &quot;HELPDETAILSSEL^USEREQUEST&quot; go"/>
          <statements dependency="OPT_ORDER_DETAIL" statement="execute eks_t_db_ref_help ConCat(&quot;HELPDETAILS^1^&quot;, PAR1) go"/>
        </arguments>
        <arguments xsi:type="EM:ReferentialArgument" name="OPT_QUALIFIER" dataType="CHARACTER" controlType="REFERENTIAL" validationType="READ_ONLY" dependency="OPT_ORDER_DETAIL" reconcileScript="eks_p_qualifier &quot;1&quot;" keyFieldIndex="2">
          <statements dependency="OPT_QUALIFIER" statement="execute eks_t_db_ref_help ConCat(&quot;HELPQUALIFIERS^&quot;, PAR1)  go"/>
        </arguments>
        <arguments xsi:type="EM:ReferentialArgument" name="OPT_LIST" dataType="CHARACTER" controlType="LISTBOX" validationType="READ_ONLY" dependency="OPT_ORDER_DETAIL" optimizable="true" reconcileScript="eks_p_list" keyFieldIndex="2">
          <statements dependency="OPT_LIST" statement="execute eks_t_db_ref_help ConCat(&quot;HELPORDDETLIST1^&quot;, PAR1) go"/>
          <statements dependency="OPT_LIST" statement="execute eks_t_db_ref_help ConCat(&quot;HELPORDDETLIST2^&quot;, PAR1) go"/>
        </arguments>
      </templateDefinitions>
      <templateDefinitions xsi:type="EM:ExpertTemplate" name="EKS_DEBUGEKM_E" definition="Turn debug messaging DEBUG_STATUS" description="Turn debug messaging on or off" eventDependency="//@expertTemplates/@events/@event.1 //@expertTemplates/@events/@event.2 //@expertTemplates/@events/@event.3 //@expertTemplates/@events/@event.4 //@expertTemplates/@events/@event.5 //@expertTemplates/@events/@event.7 //@expertTemplates/@events/@event.8 //@expertTemplates/@events/@event.9 //@expertTemplates/@events/@event.10 //@expertTemplates/@events/@event.12 //@expertTemplates/@events/@event.15 //@expertTemplates/@events/@event.22 //@expertTemplates/@events/@event.25 //@expertTemplates/@events/@event.26 //@expertTemplates/@events/@event.27 //@expertTemplates/@events/@event.30 //@expertTemplates/@events/@event.31 //@expertTemplates/@events/@event.32 //@expertTemplates/@events/@event.33 //@expertTemplates/@events/@event.35 //@expertTemplates/@events/@event.37 //@expertTemplates/@events/@event.38 //@expertTemplates/@events/@event.40 //@expertTemplates/@events/@event.41 //@expertTemplates/@events/@event.44 //@expertTemplates/@events/@event.43 //@expertTemplates/@events/@event.46 //@expertTemplates/@events/@event.47 //@expertTemplates/@events/@event.48 //@expertTemplates/@events/@event.49 //@expertTemplates/@events/@event.53 //@expertTemplates/@events/@event.55 //@expertTemplates/@events/@event.56 //@expertTemplates/@events/@event.59 //@expertTemplates/@events/@event.60 //@expertTemplates/@events/@event.61 //@expertTemplates/@events/@event.62 //@expertTemplates/@events/@event.63 //@expertTemplates/@events/@event.64 //@expertTemplates/@events/@event.65 //@expertTemplates/@events/@event.66 //@expertTemplates/@events/@event.67 //@expertTemplates/@events/@event.68 //@expertTemplates/@events/@event.70 //@expertTemplates/@events/@event.71 //@expertTemplates/@events/@event.72 //@expertTemplates/@events/@event.73 //@expertTemplates/@events/@event.45" reconcilable="true" alwaysTrue="true">
        <keywords>UTILITY</keywords>
        <arguments xsi:type="EM:ReferentialArgument" name="DEBUG_STATUS" dataType="CHARACTER" controlType="REFERENTIAL" validationType="READ_ONLY" required="true" reconcileScript="N/A" keyFieldIndex="2">
          <statements dependency="DEBUG_STATUS" statement="select debug_status = if (d.seq =  1) &quot;On for subsequent Evoke Templates&quot;&#xD;&#xA; elseif (d.seq = 2) &quot;Off for subsequent Evoke Templates&quot;&#xD;&#xA; elseif (d.seq = 3) &quot;On for all Logic Templates&quot;&#xD;&#xA; elseif (d.seq = 4) &quot;On for all Action Templates&quot;&#xD;&#xA; elseif (d.seq = 5) &quot;On for all Logic and Action Templates&quot;&#xD;&#xA; elseif (d.seq = 6) &quot;To FullAudit for this module only&quot;&#xD;&#xA;ENDIF,&#xD;&#xA;_hidden = if (d.seq = 1) 1&#xD;&#xA; elseif (d.seq=2) 0&#xD;&#xA; elseif (d.seq=3) 2&#xD;&#xA; elseif (d.seq=4) 3&#xD;&#xA; elseif (d.seq=5) 4&#xD;&#xA; elseif (d.seq=6) 5&#xD;&#xA;endif&#xD;&#xA;&#xD;&#xA;FROM (DUMMYT D WITH SEQ = VALUE(6))"/>
        </arguments>
      </templateDefinitions>
    </evokeTemplates>
    <logicTemplates>
      <templateDefinitions xsi:type="EM:ExpertTemplate" name="EKS_STOP_LOGIC_L" definition="the following templates are false, MODE logic evaluation" description="Used to control efficiency of Action Group rules" eventDependency="//@expertTemplates/@events/@event.1 //@expertTemplates/@events/@event.2 //@expertTemplates/@events/@event.3 //@expertTemplates/@events/@event.5 //@expertTemplates/@events/@event.7 //@expertTemplates/@events/@event.8 //@expertTemplates/@events/@event.9 //@expertTemplates/@events/@event.10 //@expertTemplates/@events/@event.12 //@expertTemplates/@events/@event.15 //@expertTemplates/@events/@event.22 //@expertTemplates/@events/@event.31 //@expertTemplates/@events/@event.35 //@expertTemplates/@events/@event.37 //@expertTemplates/@events/@event.38 //@expertTemplates/@events/@event.40 //@expertTemplates/@events/@event.41 //@expertTemplates/@events/@event.47 //@expertTemplates/@events/@event.48 //@expertTemplates/@events/@event.49 //@expertTemplates/@events/@event.53 //@expertTemplates/@events/@event.55 //@expertTemplates/@events/@event.56 //@expertTemplates/@events/@event.59 //@expertTemplates/@events/@event.70 //@expertTemplates/@events/@event.71 //@expertTemplates/@events/@event.72 //@expertTemplates/@events/@event.73" reconcilable="true" alwaysTrue="true">
        <keywords>UTILITY</keywords>
        <arguments xsi:type="EM:FixedListArgument" name="MODE" dataType="CHARACTER" reconcileScript="N/A">
          <defaultValue xsi:type="EM:StringValue" value="STOP"/>
          <stringTable>
            <column value="STOP"/>
            <column value=" "/>
          </stringTable>
          <stringTable>
            <column value="CONTINUE"/>
            <column value=" "/>
          </stringTable>
        </arguments>
      </templateDefinitions>
      <templateDefinitions xsi:type="EM:ExpertTemplate" name="EKS_ORDER_LIST_INCOMING_L" definition="the triggering request contains an order ORD_METHOD OPT_ORDERS with status of OPT_ORDER_STATUS and an optional order detail of OPT_ORDER_DETAIL that OPT_QUALIFIER OPT_LIST" description="Incoming orderable, status, attributes" eventDependency="//@expertTemplates/@events/@event.38" optimizable="true" reconcilable="true">
        <keywords>ORDER</keywords>
        <arguments xsi:type="EM:ReferentialArgument" name="ORD_METHOD" dataType="CHARACTER" controlType="REFERENTIAL" validationType="READ_ONLY" required="true" reconcileScript="N/A">
          <statements dependency="ORD_METHOD" statement="execute eks_t_db_ref_help &quot;HELPNEWORDMETHOD^&quot; go"/>
        </arguments>
        <arguments xsi:type="EM:ReferentialArgument" name="OPT_ORDERS" dataType="CHARACTER" controlType="LISTBOX" validationType="READ_ONLY" dependency="ORD_METHOD" optimizable="true" reconcileScript="eks_p_ord_method_orders" keyFieldIndex="2">
          <statements dependency="OPT_ORDERS" statement="execute eks_t_db_ref_help ConCat(&quot;HELPCATALOGTYPE^&quot;, PAR1) go&#xD;&#xA;"/>
          <statements dependency="OPT_ORDERS" statement="execute eks_t_db_ref_help ConCat(&quot;HELPORDALPHA^&quot;, PAR1) go"/>
          <statements dependency="OPT_ORDERS" statement="execute eks_t_db_ref_help ConCat(&quot;HELPORDERS^&quot;, PAR1) go"/>
        </arguments>
        <arguments xsi:type="EM:ReferentialArgument" name="OPT_ORDER_STATUS" dataType="CHARACTER" controlType="LISTBOX" validationType="READ_ONLY" optimizable="true" reconcileScript="eks_p_codeset_cki_refhelp  &quot;6004&quot;,&quot;CDF&quot;,&quot;*ANY&quot;" keyFieldIndex="2">
          <statements dependency="OPT_ORDER_STATUS" statement="execute eks_t_db_ref_help &quot;HELPSTATUS&quot; go"/>
        </arguments>
        <arguments xsi:type="EM:ReferentialArgument" name="OPT_ORDER_DETAIL" dataType="CHARACTER" controlType="REFERENTIAL" validationType="READ_ONLY" reconcileScript="eks_p_order_detail" keyFieldIndex="2">
          <statements dependency="OPT_ORDER_DETAIL" statement="execute eks_t_db_ref_help &quot;HELPDETAILSSEL^USEREQUEST&quot; go"/>
          <statements dependency="OPT_ORDER_DETAIL" statement="execute eks_t_db_ref_help ConCat(&quot;HELPDETAILS^1^&quot;, PAR1) go"/>
        </arguments>
        <arguments xsi:type="EM:ReferentialArgument" name="OPT_QUALIFIER" dataType="CHARACTER" controlType="REFERENTIAL" validationType="READ_ONLY" dependency="OPT_ORDER_DETAIL" reconcileScript="eks_p_qualifier &quot;1&quot;" keyFieldIndex="2">
          <statements dependency="OPT_QUALIFIER" statement="execute eks_t_db_ref_help ConCat(&quot;HELPQUALIFIERS^&quot;, PAR1)  go"/>
        </arguments>
        <arguments xsi:type="EM:ReferentialArgument" name="OPT_LIST" dataType="CHARACTER" controlType="LISTBOX" validationType="READ_ONLY" dependency="OPT_ORDER_DETAIL" optimizable="true" reconcileScript="eks_p_list" keyFieldIndex="2">
          <statements dependency="OPT_LIST" statement="execute eks_t_db_ref_help ConCat(&quot;HELPORDDETLIST1^&quot;, PAR1) go"/>
          <statements dependency="OPT_LIST" statement="execute eks_t_db_ref_help ConCat(&quot;HELPORDDETLIST2^&quot;, PAR1) go"/>
        </arguments>
      </templateDefinitions>
    </logicTemplates>
    <actionTemplates>
      <templateDefinitions xsi:type="EM:ExpertTemplate" name="EKS_SETUP_UPDATE_ORDERS_A" definition="Setup GROUP_NAME with ACTION_TYPE orders for QUAL in LINK with OPT_COMMENT_TYPE of OPT_COMMENT" description="Prepare modify/cancel actions to be sent to the Order Server" eventDependency="//@expertTemplates/@events/@event.1 //@expertTemplates/@events/@event.2 //@expertTemplates/@events/@event.3 //@expertTemplates/@events/@event.7 //@expertTemplates/@events/@event.8 //@expertTemplates/@events/@event.9 //@expertTemplates/@events/@event.10 //@expertTemplates/@events/@event.12 //@expertTemplates/@events/@event.15 //@expertTemplates/@events/@event.22 //@expertTemplates/@events/@event.31 //@expertTemplates/@events/@event.35 //@expertTemplates/@events/@event.37 //@expertTemplates/@events/@event.38 //@expertTemplates/@events/@event.40 //@expertTemplates/@events/@event.41 //@expertTemplates/@events/@event.49 //@expertTemplates/@events/@event.53 //@expertTemplates/@events/@event.54 //@expertTemplates/@events/@event.55 //@expertTemplates/@events/@event.59 //@expertTemplates/@events/@event.70 //@expertTemplates/@events/@event.71 //@expertTemplates/@events/@event.73" optimizable="true" reconcilable="true">
        <keywords>ORDER</keywords>
        <arguments name="GROUP_NAME" dataType="CHARACTER" required="true" reconcileScript="N/A"/>
        <arguments xsi:type="EM:ReferentialArgument" name="ACTION_TYPE" dataType="CHARACTER" controlType="REFERENTIAL" validationType="READ_ONLY" required="true" optimizable="true" reconcileScript="eks_p_codeset_cki_refhelp  &quot;6003&quot;,&quot;CDF&quot;,&quot;&quot;" keyFieldIndex="2">
          <statements dependency="ACTION_TYPE" statement="execute eks_t_set_ord_ref_help &quot;HELPACTIONTYPES&quot;, &quot;&quot; go"/>
        </arguments>
        <arguments xsi:type="EM:ReferentialArgument" name="QUAL" dataType="CHARACTER" controlType="REFERENTIAL" validationType="READ_ONLY" required="true" reconcileScript="N/A" keyFieldIndex="2">
          <statements dependency="QUAL" statement="execute eks_t_set_ord_ref_help &quot;HELPQUAL&quot;, &quot;&quot; go"/>
        </arguments>
        <arguments name="LINK" dataType="LINK" controlType="TEMPLATE_REFERENCE" required="true" reconcileScript="N/A"/>
        <arguments xsi:type="EM:ReferentialArgument" name="OPT_COMMENT_TYPE" dataType="CHARACTER" controlType="REFERENTIAL" validationType="REFERENTIAL" optimizable="true" reconcileScript="eks_p_codeset_cki_refhelp  &quot;14&quot;,&quot;CDF&quot;,&quot;&quot;" keyFieldIndex="2">
          <statements dependency="OPT_COMMENT_TYPE" statement="execute eks_t_set_ord_ref_help &quot;HELPCOMMENTTYPE&quot;, &quot;&quot; go"/>
        </arguments>
        <arguments name="OPT_COMMENT" dataType="CHARACTER" controlType="TEXT_MULTI_LINE" reconcileScript="N/A"/>
      </templateDefinitions>
      <templateDefinitions xsi:type="EM:ExpertTemplate" name="EKS_SETUP_ADD_ORDERS_A" definition="Setup GROUP_NAME to add ORDERS with OPT_COMMENT_TYPE of OPT_COMMENT for OPT_SCOPE as OPT_LINK" description="Prepare orderables to be sent to the Order Server" eventDependency="//@expertTemplates/@events/@event.2 //@expertTemplates/@events/@event.3 //@expertTemplates/@events/@event.7 //@expertTemplates/@events/@event.8 //@expertTemplates/@events/@event.9 //@expertTemplates/@events/@event.10 //@expertTemplates/@events/@event.12 //@expertTemplates/@events/@event.15 //@expertTemplates/@events/@event.22 //@expertTemplates/@events/@event.31 //@expertTemplates/@events/@event.35 //@expertTemplates/@events/@event.37 //@expertTemplates/@events/@event.38 //@expertTemplates/@events/@event.40 //@expertTemplates/@events/@event.41 //@expertTemplates/@events/@event.49 //@expertTemplates/@events/@event.55 //@expertTemplates/@events/@event.56 //@expertTemplates/@events/@event.59 //@expertTemplates/@events/@event.70 //@expertTemplates/@events/@event.71 //@expertTemplates/@events/@event.73" optimizable="true" reconcilable="true">
        <keywords>ORDER</keywords>
        <arguments name="GROUP_NAME" dataType="CHARACTER" required="true" reconcileScript="N/A"/>
        <arguments xsi:type="EM:ReferentialArgument" name="ORDERS" dataType="CHARACTER" controlType="LISTBOX" validationType="READ_ONLY" required="true" reconcileScript="eks_p_orders_ordersets &quot;ORDERS&quot;" keyFieldIndex="2">
          <statements dependency="ORDERS" statement="execute eks_t_set_ord_ref_help &quot;HELPCATALOGTYPE&quot;, &quot;&quot; go"/>
          <statements dependency="ORDERS" statement="execute eks_t_set_ord_ref_help &quot;HELPORDALPHA&quot;, PAR1 go"/>
          <statements dependency="ORDERS" statement="execute eks_t_set_ord_ref_help &quot;HELPORDERS&quot;, PAR1 go"/>
        </arguments>
        <arguments xsi:type="EM:ReferentialArgument" name="OPT_COMMENT_TYPE" dataType="CHARACTER" controlType="REFERENTIAL" validationType="REFERENTIAL" optimizable="true" reconcileScript="eks_p_codeset_cki_refhelp  &quot;14&quot;,&quot;CDF&quot;,&quot;&quot;" keyFieldIndex="2">
          <statements dependency="OPT_COMMENT_TYPE" statement="execute eks_t_set_ord_ref_help &quot;HELPCOMMENTTYPE&quot;, &quot;&quot; go"/>
        </arguments>
        <arguments name="OPT_COMMENT" dataType="CHARACTER" controlType="TEXT_MULTI_LINE" reconcileScript="N/A"/>
        <arguments xsi:type="EM:ReferentialArgument" name="OPT_SCOPE" dataType="CHARACTER" controlType="REFERENTIAL" validationType="READ_ONLY" reconcileScript="N/A" keyFieldIndex="2">
          <statements dependency="OPT_SCOPE" statement="execute eks_t_set_ord_ref_help &quot;HELPSCOPE&quot;, &quot;&quot; go"/>
        </arguments>
        <arguments name="OPT_LINK" dataType="LINK" controlType="TEMPLATE_REFERENCE" reconcileScript="N/A"/>
      </templateDefinitions>
      <templateDefinitions xsi:type="EM:ExpertTemplate" name="EKS_CALL_ORDER_SERVER_A" definition="Call order server with OPT_COMMENT_TYPE of OPT_COMMENT" description="Send orders and actions from prior templates to the Order Server" eventDependency="//@expertTemplates/@events/@event.1 //@expertTemplates/@events/@event.2 //@expertTemplates/@events/@event.3 //@expertTemplates/@events/@event.7 //@expertTemplates/@events/@event.8 //@expertTemplates/@events/@event.9 //@expertTemplates/@events/@event.10 //@expertTemplates/@events/@event.12 //@expertTemplates/@events/@event.15 //@expertTemplates/@events/@event.22 //@expertTemplates/@events/@event.31 //@expertTemplates/@events/@event.35 //@expertTemplates/@events/@event.37 //@expertTemplates/@events/@event.38 //@expertTemplates/@events/@event.40 //@expertTemplates/@events/@event.41 //@expertTemplates/@events/@event.49 //@expertTemplates/@events/@event.53 //@expertTemplates/@events/@event.54 //@expertTemplates/@events/@event.55 //@expertTemplates/@events/@event.59 //@expertTemplates/@events/@event.70 //@expertTemplates/@events/@event.71 //@expertTemplates/@events/@event.73" optimizable="true" reconcilable="true">
        <keywords>ORDER</keywords>
        <arguments xsi:type="EM:ReferentialArgument" name="OPT_COMMENT_TYPE" dataType="CHARACTER" controlType="REFERENTIAL" validationType="REFERENTIAL" optimizable="true" reconcileScript="eks_p_codeset_cki_refhelp  &quot;14&quot;,&quot;CDF&quot;,&quot;&quot;" keyFieldIndex="2">
          <statements dependency="OPT_COMMENT_TYPE" statement="execute eks_t_set_ord_ref_help &quot;HELPCOMMENTTYPE&quot;, &quot;&quot; go"/>
        </arguments>
        <arguments name="OPT_COMMENT" dataType="CHARACTER" controlType="TEXT_MULTI_LINE" reconcileScript="N/A"/>
      </templateDefinitions>
    </actionTemplates>
  </expertTemplates>
  <ruleDefinition>
    <evokeSection>
      <evokes evokeEvent="//@expertTemplates/@events/@event.38">
        <logicExpression xsi:type="EM:InfixExpression">
          <leftExpression xsi:type="EM:Antecedent" id="E1" template="EKS_ORDER_LIST_E">
            <facts argument="ORD_METHOD">
              <value xsi:type="EM:StringValue" value="that was ordered as"/>
            </facts>
            <facts argument="OPT_ORDERS">
              <value xsi:type="EM:ListValue">
                <values xsi:type="EM:ListValue">
                  <values xsi:type="EM:CustomValue" hideDisplay="true">
                    <customValue xsi:type="EM:StringValue" value="84372709.0"/>
                  </values>
                  <values xsi:type="EM:StringValue" value="MP Upper Respiratory Pathogens PCR"/>
                  <values xsi:type="EM:ListValue">
                    <values xsi:type="EM:CustomValue" hideDisplay="true">
                      <customValue xsi:type="EM:StringValue" value="3493.0|that was ordered as"/>
                    </values>
                    <values xsi:type="EM:CustomValue" hideDisplay="true">
                      <customValue xsi:type="EM:StringValue" value="M|3493.0|that was ordered as"/>
                    </values>
                  </values>
                </values>
              </value>
            </facts>
            <facts argument="OPT_ORDER_STATUS">
              <value xsi:type="EM:ListValue">
                <values xsi:type="EM:ListValue">
                  <values xsi:type="EM:CustomValue" hideDisplay="true">
                    <customValue xsi:type="EM:StringValue" value="CDF6004:ORDERED"/>
                  </values>
                  <values xsi:type="EM:StringValue" value="Ordered"/>
                </values>
              </value>
            </facts>
            <facts argument="OPT_ORDER_DETAIL">
              <value xsi:type="EM:StringValue"/>
            </facts>
            <facts argument="OPT_QUALIFIER">
              <value xsi:type="EM:StringValue"/>
            </facts>
            <facts argument="OPT_LIST">
              <value xsi:type="EM:StringValue"/>
            </facts>
          </leftExpression>
          <rightExpression xsi:type="EM:Antecedent" id="E2" template="EKS_DEBUGEKM_E">
            <facts argument="DEBUG_STATUS">
              <value xsi:type="EM:ListValue">
                <values xsi:type="EM:ListValue">
                  <values xsi:type="EM:CustomValue" hideDisplay="true">
                    <customValue xsi:type="EM:StringValue" value="5"/>
                  </values>
                  <values xsi:type="EM:StringValue" value="To FullAudit for this module only"/>
                </values>
              </value>
            </facts>
          </rightExpression>
        </logicExpression>
      </evokes>
    </evokeSection>
    <logicSection>
      <logicExpression xsi:type="EM:InfixExpression">
        <leftExpression xsi:type="EM:Antecedent" id="L1" template="EKS_STOP_LOGIC_L">
          <facts argument="MODE">
            <value xsi:type="EM:StringValue" value="STOP"/>
          </facts>
        </leftExpression>
        <rightExpression xsi:type="EM:Antecedent" id="L2" template="EKS_ORDER_LIST_INCOMING_L">
          <facts argument="ORD_METHOD">
            <value xsi:type="EM:StringValue" value="that was ordered as"/>
          </facts>
          <facts argument="OPT_ORDERS">
            <value xsi:type="EM:ListValue">
              <values xsi:type="EM:ListValue">
                <values xsi:type="EM:CustomValue" hideDisplay="true">
                  <customValue xsi:type="EM:StringValue" value="84372709.0"/>
                </values>
                <values xsi:type="EM:StringValue" value="MP Upper Respiratory Pathogens PCR"/>
                <values xsi:type="EM:ListValue">
                  <values xsi:type="EM:CustomValue" hideDisplay="true">
                    <customValue xsi:type="EM:StringValue" value="3493.0|that was ordered as"/>
                  </values>
                  <values xsi:type="EM:CustomValue" hideDisplay="true">
                    <customValue xsi:type="EM:StringValue" value="M|3493.0|that was ordered as"/>
                  </values>
                </values>
              </values>
            </value>
          </facts>
          <facts argument="OPT_ORDER_STATUS">
            <value xsi:type="EM:ListValue">
              <values xsi:type="EM:ListValue">
                <values xsi:type="EM:CustomValue" hideDisplay="true">
                  <customValue xsi:type="EM:StringValue" value="CDF6004:ORDERED"/>
                </values>
                <values xsi:type="EM:StringValue" value="Ordered"/>
              </values>
            </value>
          </facts>
          <facts argument="OPT_ORDER_DETAIL">
            <value xsi:type="EM:ListValue">
              <values xsi:type="EM:ListValue">
                <values xsi:type="EM:CustomValue" hideDisplay="true">
                  <customValue xsi:type="EM:StringValue" value="X|6129.0|1|2|2052|SPECIMEN TYPE|I"/>
                </values>
                <values xsi:type="EM:StringValue" value="Specimen Type,"/>
              </values>
            </value>
          </facts>
          <facts argument="OPT_QUALIFIER">
            <value xsi:type="EM:ListValue">
              <values xsi:type="EM:ListValue">
                <values xsi:type="EM:CustomValue" hideDisplay="true">
                  <customValue xsi:type="EM:StringValue" value="in"/>
                </values>
                <values xsi:type="EM:StringValue" value="is listed in"/>
              </values>
            </value>
          </facts>
          <facts argument="OPT_LIST">
            <value xsi:type="EM:ListValue">
              <values xsi:type="EM:ListValue">
                <values xsi:type="EM:CustomValue" hideDisplay="true">
                  <customValue xsi:type="EM:StringValue" value="7196.0"/>
                </values>
                <values xsi:type="EM:StringValue" value="Other"/>
                <values xsi:type="EM:ListValue">
                  <values xsi:type="EM:CustomValue" hideDisplay="true">
                    <customValue xsi:type="EM:StringValue" value="X|6129.0|1|2|2052|SPECIMEN TYPE|I"/>
                  </values>
                </values>
              </values>
            </value>
          </facts>
        </rightExpression>
      </logicExpression>
    </logicSection>
    <actionSection>
      <action xsi:type="EM:ActionExpression">
        <logicExpression xsi:type="EM:InfixExpression">
          <leftExpression xsi:type="EM:Antecedent" id="A1" template="EKS_SETUP_UPDATE_ORDERS_A">
            <facts argument="GROUP_NAME">
              <value xsi:type="EM:StringValue" value="CancelUpper"/>
            </facts>
            <facts argument="ACTION_TYPE">
              <value xsi:type="EM:ListValue">
                <values xsi:type="EM:ListValue">
                  <values xsi:type="EM:CustomValue" hideDisplay="true">
                    <customValue xsi:type="EM:StringValue" value="CDF6003:CANCEL"/>
                  </values>
                  <values xsi:type="EM:StringValue" value="Cancel"/>
                </values>
              </value>
            </facts>
            <facts argument="QUAL">
              <value xsi:type="EM:ListValue">
                <values xsi:type="EM:ListValue">
                  <values xsi:type="EM:CustomValue" hideDisplay="true">
                    <customValue xsi:type="EM:StringValue" value="1"/>
                  </values>
                  <values xsi:type="EM:StringValue" value="all"/>
                </values>
              </value>
            </facts>
            <facts argument="LINK">
              <value xsi:type="EM:AntecedentReference" antecedent="//@ruleDefinition/@logicSection/@logicExpression/@rightExpression"/>
            </facts>
            <facts argument="OPT_COMMENT_TYPE">
              <value xsi:type="EM:ListValue">
                <values xsi:type="EM:ListValue">
                  <values xsi:type="EM:CustomValue" hideDisplay="true">
                    <customValue xsi:type="EM:StringValue" value="CDF14:ORD COMMENT"/>
                  </values>
                  <values xsi:type="EM:StringValue" value="Order Comment"/>
                </values>
              </value>
            </facts>
            <facts argument="OPT_COMMENT">
              <value xsi:type="EM:StringValue" value="Cancelled by System due to Speciment type of Other"/>
            </facts>
          </leftExpression>
          <rightExpression xsi:type="EM:InfixExpression">
            <leftExpression xsi:type="EM:Antecedent" id="A2" template="EKS_SETUP_ADD_ORDERS_A">
              <facts argument="GROUP_NAME">
                <value xsi:type="EM:StringValue" value="AddLower"/>
              </facts>
              <facts argument="ORDERS">
                <value xsi:type="EM:ListValue">
                  <values xsi:type="EM:ListValue">
                    <values xsi:type="EM:CustomValue" hideDisplay="true">
                      <customValue xsi:type="EM:StringValue" value="84395313.0|84395309.0|62782876.0|MP Lower Respiratory Pathogens PCR|3493.0"/>
                    </values>
                    <values xsi:type="EM:StringValue" value="MP Lower Respiratory Pathogens PCR"/>
                    <values xsi:type="EM:ListValue">
                      <values xsi:type="EM:CustomValue" hideDisplay="true">
                        <customValue xsi:type="EM:StringValue" value="3493.0"/>
                      </values>
                      <values xsi:type="EM:CustomValue" hideDisplay="true">
                        <customValue xsi:type="EM:StringValue" value="M|3493.0"/>
                      </values>
                    </values>
                  </values>
                </value>
              </facts>
              <facts argument="OPT_COMMENT_TYPE">
                <value xsi:type="EM:ListValue">
                  <values xsi:type="EM:ListValue">
                    <values xsi:type="EM:CustomValue" hideDisplay="true">
                      <customValue xsi:type="EM:StringValue" value="CDF14:ORD COMMENT"/>
                    </values>
                    <values xsi:type="EM:StringValue" value="Order Comment"/>
                  </values>
                </value>
              </facts>
              <facts argument="OPT_COMMENT">
                <value xsi:type="EM:StringValue" value="Added by System"/>
              </facts>
              <facts argument="OPT_SCOPE">
                <value xsi:type="EM:ListValue">
                  <values xsi:type="EM:ListValue">
                    <values xsi:type="EM:CustomValue" hideDisplay="true">
                      <customValue xsi:type="EM:StringValue" value="1"/>
                    </values>
                    <values xsi:type="EM:StringValue" value="the same accession"/>
                  </values>
                </value>
              </facts>
              <facts argument="OPT_LINK">
                <value xsi:type="EM:AntecedentReference" antecedent="//@ruleDefinition/@logicSection/@logicExpression/@rightExpression"/>
              </facts>
            </leftExpression>
            <rightExpression xsi:type="EM:Antecedent" id="A3" template="EKS_CALL_ORDER_SERVER_A">
              <facts argument="OPT_COMMENT_TYPE">
                <value xsi:type="EM:StringValue"/>
              </facts>
              <facts argument="OPT_COMMENT">
                <value xsi:type="EM:StringValue"/>
              </facts>
            </rightExpression>
          </rightExpression>
        </logicExpression>
      </action>
    </actionSection>
  </ruleDefinition>
</EM:ExpertModule>
