<?xml version="1.0" encoding="ASCII"?>
<EM:ExpertModule xmi:version="2.0" xmlns:xmi="http://www.omg.org/XMI" xmlns:xsi="http://www.w3.org/2001/XMLSchema-instance" xmlns:EM="http:///com.cerner.expert/expertmodule/1.0.0" moduleName="EMAIL_CARE_MANAGER_ADMIT">
  <information>
    <runtimeInformation versionString="001.004" externalFileName="EMAIL_CARE_MANAGER_ADMIT" lastUpdated="2017-08-22T11:48:28.000+1000" validtionType="PRODUCTION" title="EMAIL_CARE_MANAGER_ADMIT">
      <duration start="2017-08-18T00:00:00.000+1000" end="2100-12-31T00:00:00.000+1100"/>
      <updateUser userName="Withered, Elise"/>
    </runtimeInformation>
    <documentation author="40044403" institution="" specialist=""/>
  </information>
  <expertTemplates>
    <events>
      <event name=""/>
      <event name="ADDPROBLEM"/>
      <event name="ADDTOSCRATCHPAD"/>
      <event name="ALLERGY_EVENT"/>
      <event name="AP_ORDER_EVENT"/>
      <event name="BB_RESULT_EVENT"/>
      <event name="CHART_SERVER_EVENT"/>
      <event name="CLINICALTRIALSCREEN"/>
      <event name="CLINICAL_EVENT"/>
      <event name="CLOSECHART"/>
      <event name="COLLECTION_EVENT"/>
      <event name="DCP_CN_TASK_UPD"/>
      <event name="DCP_MODTASK_EVENT"/>
      <event name="DCP_PW_COND"/>
      <event name="DCP_PW_OUTCOME_EVENT"/>
      <event name="DIAGNOSIS_EVENT"/>
      <event name="EKS_FORMAT"/>
      <event name="EKS_SYNC_TEST01"/>
      <event name="EKS_TEST_02"/>
      <event name="EKS_TEST_EVENT"/>
      <event name="EKS_TEST_EVENT01"/>
      <event name="ENSURE_EVENT"/>
      <event name="EXPERT_EVENT"/>
      <event name="HEALTHE_EVENT"/>
      <event name="HEALTH_MAINT_QUAL_EVENT"/>
      <event name="HIM_ADD_REQUEST"/>
      <event name="HIM_ADMIT_EVENT"/>
      <event name="HIM_PATIENT_INFO_REQUEST"/>
      <event name="HIM_TEST_EVENT"/>
      <event name="HL7_EVENT"/>
      <event name="MB_EXPEDITE"/>
      <event name="MB_RESULT_EVENT"/>
      <event name="MB_SCRIPTED_WORKUPS"/>
      <event name="MB_SUSCEPTIBILITY"/>
      <event name="MDI_RESULT_EVENT"/>
      <event name="MEDCHARTACTIVATE"/>
      <event name="MPI_ADT"/>
      <event name="OPENCHART"/>
      <event name="ORDER_EVENT"/>
      <event name="ORDER_PRO_TEST1"/>
      <event name="PATIENT_EVENT"/>
      <event name="PCA_EXPERT_EVENT"/>
      <event name="Person_Transaction"/>
      <event name="PFT_Add_Account"/>
      <event name="PFT_ADJ_WO"/>
      <event name="pft_check_amount"/>
      <event name="PFT_VEHICLE"/>
      <event name="PNTFLEXREFRANGE"/>
      <event name="POWERPLANFLEX"/>
      <event name="PROBLEM_EVENT"/>
      <event name="PROFIT_1450_CLAIM_EVENT"/>
      <event name="PROFIT_1500_CLAIM_EVENT"/>
      <event name="PROVIDER_CHG_EVENT"/>
      <event name="PROVIDE_EVENT"/>
      <event name="PWRCHRT_ADD_ORDER"/>
      <event name="RESULT_EVENT"/>
      <event name="RESULT_EVENT_CSM"/>
      <event name="RESULT_EVENT_TEST"/>
      <event name="SCH_ACTION_EVENT"/>
      <event name="SIGNORDER"/>
      <event name="SN New Pref Card Created"/>
      <event name="SN_CASE_CHECK_IN_EVENT"/>
      <event name="SN_CASE_EVENT"/>
      <event name="SN_CASE_SCHEDULE_EVENT"/>
      <event name="SN_DOCUMENT_OPEN"/>
      <event name="SN_DOCUMENT_STATE"/>
      <event name="SN_FINALIZE_DOC_EVENT"/>
      <event name="SN_PROCEDURE_SCHEDULE"/>
      <event name="SN_SAVE_PROCEDURE"/>
      <event name="SN_TEST_EVENT"/>
      <event name="SOCIAL_HISTORY_ADD"/>
      <event name="SYNCHEVENT"/>
      <event name="TOUCHOPENCHART"/>
    </events>
    <evokeTemplates>
      <templateDefinitions xsi:type="EM:ExpertTemplate" name="EKS_PT_ACTION_E" definition="the patient is ACTION" description="Admit, Transfer, Discharge, Combine" eventDependency="//@expertTemplates/@events/@event.40">
        <keywords>ENCOUNTER</keywords>
        <arguments xsi:type="EM:ReferentialArgument" name="ACTION" dataType="CHARACTER" controlType="LISTBOX" validationType="READ_ONLY" required="true" keyFieldIndex="2">
          <statements statement="select Action = if (d.seq =  1) &quot;Admitted&quot;&#xD;&#xA;         &#x9;elseif (d.seq =  2) &quot;Encounter Combined&quot;&#xD;&#xA;         &#x9;elseif (d.seq =  3) &quot;Person Combined&quot; &#xD;&#xA;         &#x9;elseif (d.seq =  4) &quot;Person Encounter Combined&quot;&#xD;&#xA;         &#x9;elseif (d.seq =  5) &quot;Discharged&quot;&#xD;&#xA;        &#x9;elseif (d.seq =  6) &quot;Transfered&quot;&#xD;&#xA;&#x9;endif,&#xD;&#xA;&#xD;&#xA;&#x9;_hidden = (d.seq ),&#xD;&#xA;&#xD;&#xA;                Description= &#xD;&#xA;         &#x9;if (d.seq = 1) &quot;Current admit date defined, previous admit date is not defined&quot;&#xD;&#xA;         &#x9;elseif (d.seq =  2) &quot;Current and previous encounter id's differ&quot;&#xD;&#xA;         &#x9;elseif (d.seq =  3) &quot;Current and previous person id's differ&quot;&#xD;&#xA;         &#x9;elseif (d.seq =  4) &quot;Current and previous person &amp; encounter id's differ&quot;&#xD;&#xA;        &#x9;elseif (d.seq =  5) &quot;Current discharged date is defined but previous discharge date is not&quot;&#xD;&#xA;        &#x9;elseif (d.seq =  6) &quot;Current and previous location codes differ&quot;&#xD;&#xA;&#x9;endif&#xD;&#xA;&#xD;&#xA;  &#x9;from (dummyt d with seq = 6)&#xD;&#xA;&#xD;&#xA;&#x9;order by action&#xD;&#xA;&#xD;&#xA;" dependency="ACTION"/>
        </arguments>
      </templateDefinitions>
      <templateDefinitions xsi:type="EM:ExpertTemplate" name="EKS_PT_DETAIL_E" definition="the SPECIFIC ACTION_DETAIL QUALIFIER DETAIL_VALUE" description="Attributes" eventDependency="//@expertTemplates/@events/@event.40">
        <keywords>PERSON/ENCOUNTER</keywords>
        <arguments xsi:type="EM:ReferentialArgument" name="SPECIFIC" dataType="CHARACTER" controlType="REFERENTIAL" validationType="READ_ONLY" required="true" keyFieldIndex="2">
          <statements statement="select Action = if (d.seq =  1) &quot;current&quot;&#xD;&#xA;         &#x9;elseif (d.seq =  2) &quot;previous&quot;&#xD;&#xA;         &#x9;elseif (d.seq =  3) &quot;current or previous&quot;&#xD;&#xA;&#x9;endif,&#xD;&#xA;&#xD;&#xA;&#x9;_hidden = (d.seq),&#xD;&#xA;&#xD;&#xA;                Description= if (d.seq =  1) &quot;Current or new admission record values&quot;&#xD;&#xA;         &#x9;elseif (d.seq =  2) &quot;Previous admission record values&quot;&#xD;&#xA;         &#x9;elseif (d.seq =  3) &quot;Check before and after values&quot;&#xD;&#xA;&#x9;endif&#xD;&#xA;&#xD;&#xA;from (dummyt d with seq = 3)&#xD;&#xA;&#xD;&#xA;order by d.seq&#xD;&#xA;" dependency="SPECIFIC"/>
        </arguments>
        <arguments xsi:type="EM:ReferentialArgument" name="ACTION_DETAIL" dataType="CHARACTER" controlType="REFERENTIAL" validationType="READ_ONLY" required="true" keyFieldIndex="2">
          <statements statement="EXECUTE EKS_PT_ACTION_REFHELP GO" dependency="ACTION_DETAIL"/>
        </arguments>
        <arguments xsi:type="EM:ReferentialArgument" name="QUALIFIER" dataType="CHARACTER" controlType="REFERENTIAL" validationType="READ_ONLY" required="true" keyFieldIndex="2">
          <statements statement="select Action = if (d.seq =  1) &quot;is&quot;&#xD;&#xA;         &#x9;elseif (d.seq =  2) &quot;is not&quot;&#xD;&#xA;&#x9;endif,&#xD;&#xA;&#xD;&#xA;&#x9;_hidden = (d.seq - 1)&#xD;&#xA;&#xD;&#xA;from (dummyt d with seq = 2)&#xD;&#xA;&#xD;&#xA;order by d.seq&#xD;&#xA;&#xD;&#xA;" dependency="QUALIFIER"/>
        </arguments>
        <arguments xsi:type="EM:ReferentialArgument" name="DETAIL_VALUE" dataType="CHARACTER" controlType="LISTBOX" validationType="READ_ONLY" required="true" dependency="ACTION_DETAIL" keyFieldIndex="2">
          <statements statement="EXECUTE EKS_PT_DETAIL_REFHELP GO" dependency="DETAIL_VALUE"/>
        </arguments>
      </templateDefinitions>
    </evokeTemplates>
    <logicTemplates>
      <templateDefinitions xsi:type="EM:ExpertTemplate" name="EKS_CALC_SAVE_L" definition="EXPRESSION" description="Create a value to be used by subsequent templates" eventDependency="//@expertTemplates/@events/@event.1 //@expertTemplates/@events/@event.2 //@expertTemplates/@events/@event.3 //@expertTemplates/@events/@event.5 //@expertTemplates/@events/@event.7 //@expertTemplates/@events/@event.8 //@expertTemplates/@events/@event.9 //@expertTemplates/@events/@event.10 //@expertTemplates/@events/@event.12 //@expertTemplates/@events/@event.15 //@expertTemplates/@events/@event.22 //@expertTemplates/@events/@event.35 //@expertTemplates/@events/@event.37 //@expertTemplates/@events/@event.38 //@expertTemplates/@events/@event.40 //@expertTemplates/@events/@event.41 //@expertTemplates/@events/@event.47 //@expertTemplates/@events/@event.48 //@expertTemplates/@events/@event.49 //@expertTemplates/@events/@event.53 //@expertTemplates/@events/@event.55 //@expertTemplates/@events/@event.56 //@expertTemplates/@events/@event.59 //@expertTemplates/@events/@event.70 //@expertTemplates/@events/@event.71 //@expertTemplates/@events/@event.72">
        <keywords>UTILITY</keywords>
        <arguments name="EXPRESSION" dataType="CHARACTER" controlType="TEXT_MULTI_LINE" required="true"/>
      </templateDefinitions>
    </logicTemplates>
    <actionTemplates>
      <templateDefinitions xsi:type="EM:ExpertTemplate" name="EKS_MESSENGER_A" definition="Send message  to RECIPIENT with subject OPT_SUBJECT and message MSG with a OPT_PRIORITY priority." description="Send message to printer, email, alphapager" eventDependency="//@expertTemplates/@events/@event.1 //@expertTemplates/@events/@event.2 //@expertTemplates/@events/@event.3 //@expertTemplates/@events/@event.4 //@expertTemplates/@events/@event.5 //@expertTemplates/@events/@event.6 //@expertTemplates/@events/@event.7 //@expertTemplates/@events/@event.8 //@expertTemplates/@events/@event.9 //@expertTemplates/@events/@event.10 //@expertTemplates/@events/@event.11 //@expertTemplates/@events/@event.12 //@expertTemplates/@events/@event.13 //@expertTemplates/@events/@event.14 //@expertTemplates/@events/@event.15 //@expertTemplates/@events/@event.16 //@expertTemplates/@events/@event.19 //@expertTemplates/@events/@event.21 //@expertTemplates/@events/@event.22 //@expertTemplates/@events/@event.25 //@expertTemplates/@events/@event.26 //@expertTemplates/@events/@event.27 //@expertTemplates/@events/@event.29 //@expertTemplates/@events/@event.30 //@expertTemplates/@events/@event.31 //@expertTemplates/@events/@event.32 //@expertTemplates/@events/@event.33 //@expertTemplates/@events/@event.34 //@expertTemplates/@events/@event.35 //@expertTemplates/@events/@event.36 //@expertTemplates/@events/@event.37 //@expertTemplates/@events/@event.38 //@expertTemplates/@events/@event.40 //@expertTemplates/@events/@event.41 //@expertTemplates/@events/@event.44 //@expertTemplates/@events/@event.43 //@expertTemplates/@events/@event.46 //@expertTemplates/@events/@event.49 //@expertTemplates/@events/@event.52 //@expertTemplates/@events/@event.53 //@expertTemplates/@events/@event.54 //@expertTemplates/@events/@event.55 //@expertTemplates/@events/@event.56 //@expertTemplates/@events/@event.57 //@expertTemplates/@events/@event.59 //@expertTemplates/@events/@event.60 //@expertTemplates/@events/@event.61 //@expertTemplates/@events/@event.62 //@expertTemplates/@events/@event.63 //@expertTemplates/@events/@event.64 //@expertTemplates/@events/@event.65 //@expertTemplates/@events/@event.66 //@expertTemplates/@events/@event.67 //@expertTemplates/@events/@event.68 //@expertTemplates/@events/@event.69 //@expertTemplates/@events/@event.70 //@expertTemplates/@events/@event.71 //@expertTemplates/@events/@event.72 //@expertTemplates/@events/@event.45">
        <keywords>NOTIFICATION</keywords>
        <arguments xsi:type="EM:ReferentialArgument" name="RECIPIENT" dataType="CHARACTER" controlType="LISTBOX" validationType="READ_ONLY" required="true">
          <statements statement="execute eks_t_messenger &quot;HELPRECIPIENT^EMAIL^PRINTER^ALPHAPAGER&quot; go" dependency="RECIPIENT"/>
        </arguments>
        <arguments name="OPT_SUBJECT" dataType="CHARACTER"/>
        <arguments name="MSG" dataType="CHARACTER" controlType="TEXT_MULTI_LINE" required="true"/>
        <arguments xsi:type="EM:ReferentialArgument" name="OPT_PRIORITY" dataType="CHARACTER" controlType="REFERENTIAL" validationType="REFERENTIAL">
          <statements statement="execute eks_t_messenger &quot;HELPPRIORITY&quot; go" dependency="OPT_PRIORITY"/>
        </arguments>
      </templateDefinitions>
    </actionTemplates>
  </expertTemplates>
  <ruleDefinition>
    <evokeSection>
      <evokes evokeEvent="//@expertTemplates/@events/@event.40">
        <logicExpression xsi:type="EM:InfixExpression">
          <leftExpression xsi:type="EM:Antecedent" id="E1" template="EKS_PT_ACTION_E">
            <facts argument="ACTION">
              <value xsi:type="EM:ListValue">
                <values xsi:type="EM:ListValue">
                  <values xsi:type="EM:CustomValue" hideDisplay="true">
                    <customValue xsi:type="EM:StringValue" value="1"/>
                  </values>
                  <values xsi:type="EM:StringValue" value="Admitted"/>
                </values>
              </value>
            </facts>
          </leftExpression>
          <rightExpression xsi:type="EM:Antecedent" id="E2" template="EKS_PT_DETAIL_E">
            <facts argument="SPECIFIC">
              <value xsi:type="EM:ListValue">
                <values xsi:type="EM:ListValue">
                  <values xsi:type="EM:CustomValue" hideDisplay="true">
                    <customValue xsi:type="EM:StringValue" value="1"/>
                  </values>
                  <values xsi:type="EM:StringValue" value="current"/>
                </values>
              </value>
            </facts>
            <facts argument="ACTION_DETAIL">
              <value xsi:type="EM:ListValue">
                <values xsi:type="EM:ListValue">
                  <values xsi:type="EM:CustomValue" hideDisplay="true">
                    <customValue xsi:type="EM:StringValue" value="15"/>
                  </values>
                  <values xsi:type="EM:StringValue" value="Encounter Type"/>
                </values>
              </value>
            </facts>
            <facts argument="QUALIFIER">
              <value xsi:type="EM:ListValue">
                <values xsi:type="EM:ListValue">
                  <values xsi:type="EM:CustomValue" hideDisplay="true">
                    <customValue xsi:type="EM:StringValue" value="0"/>
                  </values>
                  <values xsi:type="EM:StringValue" value="is"/>
                </values>
              </value>
            </facts>
            <facts argument="DETAIL_VALUE">
              <value xsi:type="EM:ListValue">
                <values xsi:type="EM:ListValue">
                  <values xsi:type="EM:CustomValue" hideDisplay="true">
                    <customValue xsi:type="EM:StringValue" value="7043"/>
                  </values>
                  <values xsi:type="EM:StringValue" value="Inpatient"/>
                </values>
              </value>
            </facts>
          </rightExpression>
        </logicExpression>
      </evokes>
    </evokeSection>
    <logicSection>
      <logicExpression xsi:type="EM:InfixExpression">
        <leftExpression xsi:type="EM:Antecedent" id="L1" template="EKS_CALC_SAVE_L">
          <facts argument="EXPRESSION">
            <value xsi:type="EM:StringValue" value="select p.email from person_prsnl_reltn ppr, prsnl p plan ppr where ppr.person_id =    trigger_personid and ppr.active_ind = 1 and ppr.end_effective_dt_tm > cnvtdatetime(curdate,curtime3) and ppr.person_prsnl_r_cd =       78779532.00  and ppr.internal_seq = 2 @NEWLINEjoin p where p.person_id = ppr.prsnl_person_id and p.active_ind = 1 and p.end_effective_dt_tm > cnvtdatetime(curdate,curtime3) detail log_misc1 = trim(p.email) go@NEWLINE"/>
          </facts>
        </leftExpression>
        <rightExpression xsi:type="EM:InfixExpression">
          <leftExpression xsi:type="EM:Antecedent" id="L2" template="EKS_CALC_SAVE_L">
            <facts argument="EXPRESSION">
              <value xsi:type="EM:StringValue" value="select p.email from person_prsnl_reltn ppr, prsnl p plan ppr where ppr.person_id =    trigger_personid and ppr.active_ind = 1 and ppr.end_effective_dt_tm > cnvtdatetime(curdate,curtime3) and ppr.person_prsnl_r_cd =       78779532.00  and ppr.internal_seq = 3 @NEWLINEjoin p where p.person_id = ppr.prsnl_person_id and p.active_ind = 1 and p.end_effective_dt_tm > cnvtdatetime(curdate,curtime3) detail log_misc1 = trim(p.email) go@NEWLINE"/>
            </facts>
          </leftExpression>
          <rightExpression xsi:type="EM:InfixExpression">
            <leftExpression xsi:type="EM:Antecedent" id="L3" template="EKS_CALC_SAVE_L">
              <facts argument="EXPRESSION">
                <value xsi:type="EM:StringValue" value="select p.email from person_prsnl_reltn ppr, prsnl p plan ppr where ppr.person_id =    trigger_personid and ppr.active_ind = 1 and ppr.end_effective_dt_tm > cnvtdatetime(curdate,curtime3) and ppr.person_prsnl_r_cd =       78779532.00  and ppr.internal_seq = 4 @NEWLINEjoin p where p.person_id = ppr.prsnl_person_id and p.active_ind = 1 and p.end_effective_dt_tm > cnvtdatetime(curdate,curtime3) detail log_misc1 = trim(p.email) go@NEWLINE"/>
              </facts>
            </leftExpression>
            <rightExpression xsi:type="EM:InfixExpression">
              <leftExpression xsi:type="EM:Antecedent" id="L4" template="EKS_CALC_SAVE_L">
                <facts argument="EXPRESSION">
                  <value xsi:type="EM:StringValue" value="select p.email from person_prsnl_reltn ppr, prsnl p plan ppr where ppr.person_id =    trigger_personid and ppr.active_ind = 1 and ppr.end_effective_dt_tm > cnvtdatetime(curdate,curtime3) and ppr.person_prsnl_r_cd =       78779532.00  and ppr.internal_seq = 5 @NEWLINEjoin p where p.person_id = ppr.prsnl_person_id and p.active_ind = 1 and p.end_effective_dt_tm > cnvtdatetime(curdate,curtime3) detail log_misc1 = trim(p.email) go@NEWLINE"/>
                </facts>
              </leftExpression>
              <rightExpression xsi:type="EM:InfixExpression">
                <leftExpression xsi:type="EM:Antecedent" id="L5" template="EKS_CALC_SAVE_L">
                  <facts argument="EXPRESSION">
                    <value xsi:type="EM:StringValue" value="select p.email from person_prsnl_reltn ppr, prsnl p plan ppr where ppr.person_id =    trigger_personid and ppr.active_ind = 1 and ppr.end_effective_dt_tm > cnvtdatetime(curdate,curtime3) and ppr.person_prsnl_r_cd =       78779532.00  and ppr.internal_seq = 6 @NEWLINEjoin p where p.person_id = ppr.prsnl_person_id and p.active_ind = 1 and p.end_effective_dt_tm > cnvtdatetime(curdate,curtime3) detail log_misc1 = trim(p.email) go@NEWLINE"/>
                  </facts>
                </leftExpression>
                <rightExpression xsi:type="EM:Antecedent" id="L6" template="EKS_CALC_SAVE_L">
                  <facts argument="EXPRESSION">
                    <value xsi:type="EM:StringValue" value="select p.email from person_prsnl_reltn ppr, prsnl p plan ppr where ppr.person_id =    trigger_personid and ppr.active_ind = 1 and ppr.end_effective_dt_tm > cnvtdatetime(curdate,curtime3) and ppr.person_prsnl_r_cd =       78779532.00  and ppr.internal_seq = 1 @NEWLINEjoin p where p.person_id = ppr.prsnl_person_id and p.active_ind = 1 and p.end_effective_dt_tm > cnvtdatetime(curdate,curtime3) detail log_misc1 = trim(p.email) go@NEWLINE"/>
                  </facts>
                </rightExpression>
              </rightExpression>
            </rightExpression>
          </rightExpression>
        </rightExpression>
      </logicExpression>
    </logicSection>
    <actionSection>
      <action xsi:type="EM:ActionExpression">
        <logicExpression xsi:type="EM:Antecedent" id="A1" template="EKS_MESSENGER_A">
          <facts argument="RECIPIENT">
            <value xsi:type="EM:ListValue">
              <values xsi:type="EM:ListValue">
                <values xsi:type="EM:CustomValue" hideDisplay="true">
                  <customValue xsi:type="EM:StringValue" value=" "/>
                </values>
                <values xsi:type="EM:StringValue" value="@EMAIL:[@misc:1]"/>
              </values>
              <values xsi:type="EM:ListValue">
                <values xsi:type="EM:CustomValue" hideDisplay="true">
                  <customValue xsi:type="EM:StringValue" value=" "/>
                </values>
                <values xsi:type="EM:StringValue" value="@EMAIL:[@misc:2]"/>
              </values>
              <values xsi:type="EM:ListValue">
                <values xsi:type="EM:CustomValue" hideDisplay="true">
                  <customValue xsi:type="EM:StringValue" value=" "/>
                </values>
                <values xsi:type="EM:StringValue" value="@EMAIL:[@misc:3]"/>
              </values>
              <values xsi:type="EM:ListValue">
                <values xsi:type="EM:CustomValue" hideDisplay="true">
                  <customValue xsi:type="EM:StringValue" value=" "/>
                </values>
                <values xsi:type="EM:StringValue" value="@EMAIL:[@misc:4]"/>
              </values>
              <values xsi:type="EM:ListValue">
                <values xsi:type="EM:CustomValue" hideDisplay="true">
                  <customValue xsi:type="EM:StringValue" value=" "/>
                </values>
                <values xsi:type="EM:StringValue" value="@EMAIL:[@misc:5]"/>
              </values>
            </value>
          </facts>
          <facts argument="OPT_SUBJECT">
            <value xsi:type="EM:StringValue" value="Care Manager Notification"/>
          </facts>
          <facts argument="MSG">
            <value xsi:type="EM:StringValue" value=" A patient you are registered as a Care Manager for has presented to @PTNURSENC:1.@NEWLINE@NEWLINEMRN: &#x9;@MEDICALNUMBER:1@NEWLINENAME:&#x9;@PATIENT:1@NEWLINEDOB:&#x9;@BIRTHDATE:1@NEWLINE@NEWLINENB: This message is automatically generated by PowerChart. Please do not reply to this email. If you do not wish to continue receiving such messages, please contact the eMR Unit on x50735. "/>
          </facts>
          <facts argument="OPT_PRIORITY">
            <value xsi:type="EM:StringValue"/>
          </facts>
        </logicExpression>
      </action>
    </actionSection>
  </ruleDefinition>
</EM:ExpertModule>
